name,matric_no,department,course,year,prev_gpa,prev_cgpa,attendance,test_score,assignment,exam_score,total_200,gp_200,new_cgpa,current_class,predicted_grad_class
Adaeze Adeola,250502488,COMPUTER SCIENCE,CHM 201,200 Level,2.25,2.25,3,16,7,59,85,5.0,3.62,Second Class Upper,Second Class Upper
Adaeze Adeyemi,250502744,ICT,MTH 223,200 Level,2.37,2.37,9,6,6,18,39,0.0,1.18,Pass,Fail
Adaeze Adeyemi,250502640,CYBERSECURITY,CHM 207,200 Level,2.93,2.93,3,6,5,35,49,2.0,2.46,Third Class,Third Class
Adaeze Afolabi,250501690,COMPUTER SCIENCE,PHY 205,200 Level,1.96,1.96,0,2,7,31,40,1.0,1.48,Pass,Pass
Adaeze Afolabi,250502549,CYBERSECURITY,CHM 201,200 Level,3.35,3.35,4,4,8,9,25,0.0,1.68,Third Class,Fail
Adaeze Afolabi,250501130,COMPUTER SCIENCE,GST 211,200 Level,2.38,2.38,10,7,7,11,35,0.0,1.19,Pass,Fail
Adaeze Babatunde,250502148,COMPUTER SCIENCE,MTH 223,200 Level,4.33,4.33,9,1,2,51,63,4.0,4.16,Second Class Upper,Second Class Upper
Adaeze Babatunde,250501705,COMPUTER SCIENCE,PHY 205,200 Level,4.95,4.95,0,1,1,5,7,0.0,2.48,Third Class,Fail
Adaeze Bello,250502362,COMPUTER SCIENCE,GST 209,200 Level,3.3,3.3,9,17,2,19,47,2.0,2.65,Second Class Lower,Third Class
Adaeze Bello,250502045,COMPUTER SCIENCE,GST 211,200 Level,3.27,3.27,5,20,2,44,71,5.0,4.14,Second Class Upper,First Class
Adaeze Bello,250501393,COMPUTER SCIENCE,GST 209,200 Level,3.99,3.99,5,0,0,56,61,4.0,4.0,Second Class Upper,Second Class Upper
Adaeze Chukwu,250502726,CYBERSECURITY,CHM 201,200 Level,2.79,2.79,3,19,6,37,65,4.0,3.4,Second Class Lower,Second Class Upper
Adaeze Chukwu,250502716,CYBERSECURITY,MTH 223,200 Level,0.76,0.76,5,13,5,35,58,3.0,1.88,Third Class,Second Class Lower
Adaeze Danladi,250501033,ICT,PHY 201,200 Level,4.77,4.77,9,0,2,33,44,1.0,2.88,Second Class Lower,Third Class
Adaeze Ejike,250501141,ICT,MTH 223,200 Level,1.63,1.63,8,8,1,56,73,5.0,3.32,Second Class Lower,Second Class Upper
Adaeze Ejike,250501092,CYBERSECURITY,MTH 223,200 Level,3.92,3.92,5,17,2,45,69,4.0,3.96,Second Class Upper,Second Class Upper
Adaeze Ejike,250501674,CYBERSECURITY,PHY 201,200 Level,2.35,2.35,9,3,8,14,34,0.0,1.18,Pass,Fail
Adaeze Eze,250502886,COMPUTER SCIENCE,GST 211,200 Level,0.54,0.54,1,14,6,0,21,0.0,0.27,Fail,Fail
Adaeze Fashola,250501829,CYBERSECURITY,GST 211,200 Level,2.53,2.53,8,19,9,33,69,4.0,3.26,Second Class Lower,Second Class Upper
Adaeze Gana,250502532,CYBERSECURITY,MTH 223,200 Level,3.72,3.72,2,2,1,37,42,1.0,2.36,Third Class,Third Class
Adaeze Garba,250502313,ICT,MTH 223,200 Level,4.18,4.18,10,17,9,38,74,5.0,4.59,First Class,First Class
Adaeze Hassan,250502876,COMPUTER SCIENCE,MTH 223,200 Level,3.16,3.16,10,16,6,14,46,2.0,2.58,Second Class Lower,Third Class
Adaeze Hassan,250502608,ICT,MTH 223,200 Level,1.55,1.55,0,16,6,56,78,5.0,3.28,Second Class Lower,Second Class Upper
Adaeze Hassan,250501874,CYBERSECURITY,CSC 201,200 Level,0.61,0.61,4,6,5,39,54,3.0,1.8,Third Class,Second Class Lower
Adaeze Ikenna,250501177,COMPUTER SCIENCE,CHM 207,200 Level,2.24,2.24,6,12,4,28,50,3.0,2.62,Second Class Lower,Second Class Lower
Adaeze Ikenna,250502379,COMPUTER SCIENCE,CSC 201,200 Level,3.17,3.17,10,8,1,27,46,2.0,2.58,Second Class Lower,Third Class
Adaeze James,250502194,ICT,CSC 201,200 Level,0.71,0.71,0,2,2,34,38,0.0,0.36,Fail,Fail
Adaeze James,250502309,CYBERSECURITY,MTH 201,200 Level,4.17,4.17,0,10,5,25,40,1.0,2.58,Second Class Lower,Third Class
Adaeze James,250501488,ICT,GST 211,200 Level,4.78,4.78,6,1,10,55,72,5.0,4.89,First Class,First Class
Adaeze Lawal,250502171,CYBERSECURITY,MTH 223,200 Level,4.92,4.92,0,18,5,45,68,4.0,4.46,Second Class Upper,Second Class Upper
Adaeze Lawal,250501524,ICT,GST 211,200 Level,4.27,4.27,9,3,0,5,17,0.0,2.13,Third Class,Fail
Adaeze Lawal,250502613,ICT,CSC 201,200 Level,1.96,1.96,1,3,4,46,54,3.0,2.48,Third Class,Second Class Lower
Adaeze Madu,250501991,ICT,MTH 223,200 Level,3.63,3.63,6,16,1,50,73,5.0,4.31,Second Class Upper,First Class
Adaeze Madu,250501943,COMPUTER SCIENCE,CHM 207,200 Level,4.23,4.23,5,11,10,23,49,2.0,3.12,Second Class Lower,Third Class
Adaeze Madu,250501603,COMPUTER SCIENCE,GST 211,200 Level,0.9,0.9,0,11,2,54,67,4.0,2.45,Third Class,Second Class Lower
Adaeze Musa,250501895,CYBERSECURITY,MTH 223,200 Level,1.42,1.42,8,13,6,8,35,0.0,0.71,Fail,Fail
Adaeze Nwachukwu,250501838,COMPUTER SCIENCE,PHY 205,200 Level,3.11,3.11,7,14,6,39,66,4.0,3.56,Second Class Upper,Second Class Upper
Adaeze Nwachukwu,250502662,ICT,PHY 201,200 Level,4.64,4.64,4,4,7,54,69,4.0,4.32,Second Class Upper,Second Class Upper
Adaeze Nwachukwu,250502992,ICT,GST 209,200 Level,3.25,3.25,4,20,4,31,59,3.0,3.12,Second Class Lower,Second Class Lower
Adaeze Nwosu,250502429,ICT,PHY 201,200 Level,4.41,4.41,4,7,6,60,77,5.0,4.7,First Class,First Class
Adaeze Nwosu,250501264,CYBERSECURITY,CHM 207,200 Level,4.45,4.45,8,19,10,32,69,4.0,4.22,Second Class Upper,Second Class Upper
Adaeze Nwosu,250502026,ICT,GST 211,200 Level,4.38,4.38,9,14,3,1,27,0.0,2.19,Third Class,Fail
Adaeze Obi,250502183,COMPUTER SCIENCE,MTH 201,200 Level,4.69,4.69,9,7,8,28,52,3.0,3.84,Second Class Upper,Second Class Lower
Adaeze Obi,250501117,COMPUTER SCIENCE,MTH 201,200 Level,1.34,1.34,8,3,3,3,17,0.0,0.67,Fail,Fail
Adaeze Obi,250502192,CYBERSECURITY,MTH 201,200 Level,2.06,2.06,4,15,9,26,54,3.0,2.53,Second Class Lower,Second Class Lower
Adaeze Obi,250502619,ICT,PHY 205,200 Level,3.79,3.79,10,6,3,5,24,0.0,1.9,Third Class,Fail
Adaeze Okafor,250502350,CYBERSECURITY,MTH 201,200 Level,4.4,4.4,0,5,3,20,28,0.0,2.2,Third Class,Fail
Adaeze Okafor,250502265,ICT,CSC 201,200 Level,0.83,0.83,6,17,10,47,80,5.0,2.92,Second Class Lower,Second Class Upper
Adaeze Okafor,250501471,ICT,GST 211,200 Level,4.86,4.86,0,15,5,2,22,0.0,2.43,Third Class,Fail
Adaeze Okonkwo,250501328,COMPUTER SCIENCE,GST 209,200 Level,2.39,2.39,7,3,7,21,38,0.0,1.2,Pass,Fail
Adaeze Okonkwo,250501685,ICT,CHM 201,200 Level,3.01,3.01,10,9,4,12,35,0.0,1.5,Third Class,Fail
Adaeze Okoro,250502435,COMPUTER SCIENCE,PHY 201,200 Level,0.63,0.63,3,10,6,40,59,3.0,1.82,Third Class,Second Class Lower
Adaeze Peters,250501546,COMPUTER SCIENCE,GST 211,200 Level,1.01,1.01,7,12,5,32,56,3.0,2.0,Third Class,Second Class Lower
Adaeze Peters,250502659,ICT,GST 211,200 Level,2.51,2.51,2,17,7,32,58,3.0,2.76,Second Class Lower,Second Class Lower
Adaeze Raji,250502474,ICT,MTH 201,200 Level,1.97,1.97,7,14,1,26,48,2.0,1.98,Third Class,Third Class
Adaeze Raji,250501763,COMPUTER SCIENCE,CHM 201,200 Level,3.85,3.85,2,20,5,19,46,2.0,2.92,Second Class Lower,Third Class
Adaeze Salisu,250502068,COMPUTER SCIENCE,GST 209,200 Level,2.1,2.1,4,3,0,26,33,0.0,1.05,Pass,Fail
Adaeze Salisu,250502531,ICT,CSC 201,200 Level,3.25,3.25,3,3,5,36,47,2.0,2.62,Second Class Lower,Third Class
Adaeze Salisu,250501581,CYBERSECURITY,GST 211,200 Level,4.91,4.91,10,15,9,41,75,5.0,4.96,First Class,First Class
Adaeze Salisu,250502558,ICT,CHM 201,200 Level,4.28,4.28,0,14,7,12,33,0.0,2.14,Third Class,Fail
Adaeze Salisu,250502451,ICT,GST 209,200 Level,3.28,3.28,9,6,9,40,64,4.0,3.64,Second Class Upper,Second Class Upper
Adaeze Salisu,250502535,CYBERSECURITY,CSC 201,200 Level,1.05,1.05,3,7,9,38,57,3.0,2.02,Third Class,Second Class Lower
Adaeze Salisu,250502611,CYBERSECURITY,MTH 201,200 Level,3.43,3.43,4,15,6,7,32,0.0,1.72,Third Class,Fail
Adaeze Usman,250501671,ICT,PHY 205,200 Level,4.54,4.54,0,10,6,0,16,0.0,2.27,Third Class,Fail
Adaeze Usman,250502326,COMPUTER SCIENCE,GST 211,200 Level,1.32,1.32,7,6,8,57,78,5.0,3.16,Second Class Lower,Second Class Upper
Adaeze Usman,250501955,ICT,GST 211,200 Level,2.22,2.22,5,12,0,57,74,5.0,3.61,Second Class Upper,Second Class Upper
Adaeze Usman,250502508,COMPUTER SCIENCE,CHM 201,200 Level,3.24,3.24,3,5,4,9,21,0.0,1.62,Third Class,Fail
Amaka Adeola,250502292,CYBERSECURITY,CHM 207,200 Level,3.05,3.05,4,15,8,43,70,5.0,4.03,Second Class Upper,First Class
Amaka Adeyemi,250501502,COMPUTER SCIENCE,MTH 201,200 Level,1.89,1.89,10,11,2,33,56,3.0,2.44,Third Class,Second Class Lower
Amaka Afolabi,250501250,ICT,PHY 201,200 Level,1.83,1.83,2,10,9,20,41,1.0,1.42,Pass,Pass
Amaka Afolabi,250502653,CYBERSECURITY,PHY 205,200 Level,2.12,2.12,9,15,5,16,45,2.0,2.06,Third Class,Third Class
Amaka Bello,250502924,CYBERSECURITY,PHY 205,200 Level,4.07,4.07,4,5,6,20,35,0.0,2.04,Third Class,Fail
Amaka Bello,250502824,COMPUTER SCIENCE,MTH 223,200 Level,3.4,3.4,5,8,0,42,55,3.0,3.2,Second Class Lower,Second Class Lower
Amaka Bello,250502276,ICT,MTH 223,200 Level,1.59,1.59,8,8,2,20,38,0.0,0.8,Fail,Fail
Amaka Chukwu,250501228,CYBERSECURITY,CHM 207,200 Level,4.51,4.51,6,16,6,54,82,5.0,4.76,First Class,First Class
Amaka Danladi,250501997,ICT,GST 209,200 Level,1.12,1.12,0,19,5,14,38,0.0,0.56,Fail,Fail
Amaka Danladi,250501646,CYBERSECURITY,PHY 205,200 Level,3.17,3.17,4,18,5,0,27,0.0,1.58,Third Class,Fail
Amaka Danladi,250501637,CYBERSECURITY,CHM 207,200 Level,1.59,1.59,1,6,4,37,48,2.0,1.8,Third Class,Third Class
Amaka Dikko,250501773,CYBERSECURITY,CHM 207,200 Level,2.29,2.29,1,16,2,45,64,4.0,3.14,Second Class Lower,Second Class Upper
Amaka Dikko,250502030,COMPUTER SCIENCE,PHY 201,200 Level,0.67,0.67,9,13,9,7,38,0.0,0.34,Fail,Fail
Amaka Ejike,250502551,ICT,PHY 201,200 Level,3.21,3.21,3,16,3,16,38,0.0,1.6,Third Class,Fail
Amaka Ejike,250502185,CYBERSECURITY,PHY 205,200 Level,4.72,4.72,3,14,4,46,67,4.0,4.36,Second Class Upper,Second Class Upper
Amaka Fashola,250501332,ICT,CHM 207,200 Level,0.56,0.56,8,8,6,60,82,5.0,2.78,Second Class Lower,Second Class Upper
Amaka Gana,250501727,COMPUTER SCIENCE,CHM 207,200 Level,4.08,4.08,8,14,1,33,56,3.0,3.54,Second Class Upper,Second Class Lower
Amaka Gana,250502914,COMPUTER SCIENCE,MTH 201,200 Level,2.52,2.52,4,13,4,2,23,0.0,1.26,Pass,Fail
Amaka Gana,250502494,CYBERSECURITY,CSC 201,200 Level,3.22,3.22,1,17,9,28,55,3.0,3.11,Second Class Lower,Second Class Lower
Amaka Gana,250502395,CYBERSECURITY,GST 209,200 Level,4.23,4.23,8,15,5,27,55,3.0,3.62,Second Class Upper,Second Class Lower
Amaka Garba,250501335,COMPUTER SCIENCE,CHM 207,200 Level,0.68,0.68,0,18,9,7,34,0.0,0.34,Fail,Fail
Amaka Hassan,250502306,COMPUTER SCIENCE,PHY 201,200 Level,3.71,3.71,9,0,6,17,32,0.0,1.86,Third Class,Fail
Amaka Hassan,250501026,ICT,PHY 201,200 Level,1.4,1.4,7,16,1,53,77,5.0,3.2,Second Class Lower,Second Class Upper
Amaka Ikenna,250502175,CYBERSECURITY,GST 209,200 Level,2.93,2.93,4,5,10,24,43,1.0,1.96,Third Class,Pass
Amaka Ikenna,250502335,CYBERSECURITY,PHY 201,200 Level,3.43,3.43,0,7,6,56,69,4.0,3.72,Second Class Upper,Second Class Upper
Amaka James,250502421,ICT,MTH 223,200 Level,2.78,2.78,5,14,0,25,44,1.0,1.89,Third Class,Pass
Amaka James,250502771,ICT,MTH 201,200 Level,4.03,4.03,0,5,1,58,64,4.0,4.02,Second Class Upper,Second Class Upper
Amaka James,250502601,CYBERSECURITY,CHM 207,200 Level,1.96,1.96,9,19,9,12,49,2.0,1.98,Third Class,Third Class
Amaka Kalu,250501563,CYBERSECURITY,PHY 201,200 Level,0.57,0.57,3,1,6,12,22,0.0,0.28,Fail,Fail
Amaka Lawal,250501489,ICT,PHY 205,200 Level,4.51,4.51,2,14,6,60,82,5.0,4.76,First Class,First Class
Amaka Lawal,250502656,CYBERSECURITY,CHM 207,200 Level,2.99,2.99,6,9,7,45,67,4.0,3.5,Second Class Upper,Second Class Upper
Amaka Lawal,250502979,ICT,MTH 201,200 Level,4.29,4.29,2,12,7,40,61,4.0,4.14,Second Class Upper,Second Class Upper
Amaka Lawal,250501238,COMPUTER SCIENCE,MTH 201,200 Level,3.4,3.4,1,4,8,36,49,2.0,2.7,Second Class Lower,Third Class
Amaka Lawal,250502639,ICT,MTH 201,200 Level,4.67,4.67,7,17,1,45,70,5.0,4.84,First Class,First Class
Amaka Musa,250502927,COMPUTER SCIENCE,MTH 201,200 Level,2.66,2.66,5,15,2,57,79,5.0,3.83,Second Class Upper,First Class
Amaka Musa,250501188,CYBERSECURITY,PHY 201,200 Level,2.88,2.88,8,12,10,60,90,5.0,3.94,Second Class Upper,First Class
Amaka Nwachukwu,250501494,ICT,GST 209,200 Level,2.59,2.59,1,17,3,29,50,3.0,2.8,Second Class Lower,Second Class Lower
Amaka Nwachukwu,250502110,ICT,CHM 201,200 Level,4.17,4.17,4,7,8,8,27,0.0,2.08,Third Class,Fail
Amaka Nwosu,250501665,COMPUTER SCIENCE,MTH 223,200 Level,1.19,1.19,0,6,2,60,68,4.0,2.6,Second Class Lower,Second Class Lower
Amaka Nwosu,250502034,COMPUTER SCIENCE,PHY 205,200 Level,0.85,0.85,2,2,8,33,45,2.0,1.42,Pass,Third Class
Amaka Nwosu,250501842,CYBERSECURITY,CSC 201,200 Level,1.3,1.3,5,6,5,40,56,3.0,2.15,Third Class,Second Class Lower
Amaka Nwosu,250501999,COMPUTER SCIENCE,GST 211,200 Level,2.51,2.51,8,6,8,27,49,2.0,2.26,Third Class,Third Class
Amaka Nwosu,250502760,CYBERSECURITY,PHY 201,200 Level,2.54,2.54,6,9,1,16,32,0.0,1.27,Pass,Fail
Amaka Nwosu,250501082,ICT,CHM 201,200 Level,1.99,1.99,5,6,9,51,71,5.0,3.5,Second Class Upper,Second Class Upper
Amaka Okafor,250502899,CYBERSECURITY,PHY 201,200 Level,4.03,4.03,9,16,0,24,49,2.0,3.02,Second Class Lower,Third Class
Amaka Okafor,250501644,ICT,CHM 207,200 Level,1.04,1.04,4,15,3,38,60,4.0,2.52,Second Class Lower,Second Class Lower
Amaka Okafor,250502720,ICT,CHM 201,200 Level,1.14,1.14,10,18,9,16,53,3.0,2.07,Third Class,Second Class Lower
Amaka Okafor,250502027,CYBERSECURITY,GST 209,200 Level,4.3,4.3,6,18,6,21,51,3.0,3.65,Second Class Upper,Second Class Lower
Amaka Okafor,250502946,ICT,CHM 207,200 Level,2.48,2.48,10,11,1,13,35,0.0,1.24,Pass,Fail
Amaka Okafor,250502397,COMPUTER SCIENCE,CHM 201,200 Level,1.62,1.62,7,6,8,55,76,5.0,3.31,Second Class Lower,Second Class Upper
Amaka Okafor,250501331,CYBERSECURITY,CHM 207,200 Level,3.91,3.91,5,16,1,24,46,2.0,2.96,Second Class Lower,Third Class
Amaka Okafor,250501201,COMPUTER SCIENCE,CSC 201,200 Level,0.88,0.88,1,13,4,10,28,0.0,0.44,Fail,Fail
Amaka Okonkwo,250501155,CYBERSECURITY,PHY 201,200 Level,1.59,1.59,2,16,3,20,41,1.0,1.3,Pass,Pass
Amaka Okonkwo,250501430,COMPUTER SCIENCE,GST 209,200 Level,1.14,1.14,7,15,5,19,46,2.0,1.57,Third Class,Third Class
Amaka Okonkwo,250501677,ICT,PHY 201,200 Level,2.29,2.29,6,4,9,30,49,2.0,2.14,Third Class,Third Class
Amaka Okonkwo,250501929,COMPUTER SCIENCE,CHM 207,200 Level,1.66,1.66,0,14,3,8,25,0.0,0.83,Fail,Fail
Amaka Okonkwo,250501719,COMPUTER SCIENCE,GST 209,200 Level,3.79,3.79,9,3,8,57,77,5.0,4.39,Second Class Upper,First Class
Amaka Okoro,250501097,ICT,MTH 223,200 Level,2.42,2.42,0,17,9,20,46,2.0,2.21,Third Class,Third Class
Amaka Okoro,250501318,ICT,CHM 201,200 Level,1.2,1.2,8,18,10,22,58,3.0,2.1,Third Class,Second Class Lower
Amaka Okoro,250502355,COMPUTER SCIENCE,PHY 205,200 Level,4.43,4.43,1,1,5,18,25,0.0,2.22,Third Class,Fail
Amaka Peters,250502984,ICT,CSC 201,200 Level,1.1,1.1,8,20,10,49,87,5.0,3.05,Second Class Lower,Second Class Upper
Amaka Raji,250501973,ICT,GST 209,200 Level,1.47,1.47,9,18,8,1,36,0.0,0.74,Fail,Fail
Amaka Raji,250501761,ICT,GST 209,200 Level,1.9,1.9,2,13,4,42,61,4.0,2.95,Second Class Lower,Second Class Upper
Amaka Salisu,250502629,COMPUTER SCIENCE,CHM 201,200 Level,2.53,2.53,1,4,4,18,27,0.0,1.26,Pass,Fail
Amaka Salisu,250502334,ICT,PHY 201,200 Level,4.89,4.89,8,20,5,31,64,4.0,4.44,Second Class Upper,Second Class Upper
Amaka Usman,250501296,CYBERSECURITY,MTH 223,200 Level,3.96,3.96,2,7,3,42,54,3.0,3.48,Second Class Lower,Second Class Lower
Amaka Usman,250501268,ICT,MTH 223,200 Level,2.12,2.12,0,14,2,59,75,5.0,3.56,Second Class Upper,Second Class Upper
Blessing Adeola,250501781,ICT,CSC 201,200 Level,2.94,2.94,6,1,5,5,17,0.0,1.47,Pass,Fail
Blessing Adeola,250501198,COMPUTER SCIENCE,MTH 223,200 Level,4.49,4.49,8,7,6,17,38,0.0,2.24,Third Class,Fail
Blessing Adeola,250501441,ICT,PHY 201,200 Level,4.94,4.94,0,8,0,59,67,4.0,4.47,Second Class Upper,Second Class Upper
Blessing Adeyemi,250502430,ICT,CHM 207,200 Level,2.55,2.55,10,2,8,47,67,4.0,3.28,Second Class Lower,Second Class Upper
Blessing Babatunde,250502338,COMPUTER SCIENCE,CSC 201,200 Level,0.82,0.82,8,12,0,55,75,5.0,2.91,Second Class Lower,Second Class Upper
Blessing Babatunde,250502322,COMPUTER SCIENCE,CHM 201,200 Level,4.42,4.42,0,14,7,30,51,3.0,3.71,Second Class Upper,Second Class Lower
Blessing Babatunde,250502452,COMPUTER SCIENCE,PHY 201,200 Level,4.41,4.41,0,20,4,18,42,1.0,2.7,Second Class Lower,Third Class
Blessing Babatunde,250502915,ICT,PHY 201,200 Level,3.75,3.75,3,3,4,22,32,0.0,1.88,Third Class,Fail
Blessing Bello,250502928,ICT,GST 209,200 Level,3.39,3.39,8,6,6,34,54,3.0,3.2,Second Class Lower,Second Class Lower
Blessing Bello,250501587,COMPUTER SCIENCE,CHM 207,200 Level,1.08,1.08,4,3,2,34,43,1.0,1.04,Pass,Pass
Blessing Bello,250502861,COMPUTER SCIENCE,MTH 223,200 Level,3.45,3.45,6,20,6,48,80,5.0,4.22,Second Class Upper,First Class
Blessing Bello,250502157,CYBERSECURITY,PHY 205,200 Level,4.46,4.46,0,18,0,4,22,0.0,2.23,Third Class,Fail
Blessing Bello,250501935,ICT,CSC 201,200 Level,1.73,1.73,0,7,0,25,32,0.0,0.86,Fail,Fail
Blessing Bello,250501254,CYBERSECURITY,CHM 207,200 Level,1.26,1.26,5,16,3,15,39,0.0,0.63,Fail,Fail
Blessing Chukwu,250501464,CYBERSECURITY,GST 209,200 Level,4.83,4.83,3,14,8,57,82,5.0,4.92,First Class,First Class
Blessing Chukwu,250501623,CYBERSECURITY,CHM 201,200 Level,2.68,2.68,4,13,9,14,40,1.0,1.84,Third Class,Pass
Blessing Danladi,250502303,COMPUTER SCIENCE,CHM 201,200 Level,2.94,2.94,8,7,5,56,76,5.0,3.97,Second Class Upper,First Class
Blessing Dikko,250502933,COMPUTER SCIENCE,CSC 201,200 Level,3.22,3.22,6,6,7,28,47,2.0,2.61,Second Class Lower,Third Class
Blessing Ejike,250502028,COMPUTER SCIENCE,MTH 223,200 Level,1.94,1.94,9,0,6,19,34,0.0,0.97,Fail,Fail
Blessing Ejike,250502178,ICT,GST 209,200 Level,3.92,3.92,3,5,8,25,41,1.0,2.46,Third Class,Third Class
Blessing Eze,250501472,COMPUTER SCIENCE,CHM 207,200 Level,0.69,0.69,9,13,9,51,82,5.0,2.84,Second Class Lower,Second Class Upper
Blessing Fashola,250501375,CYBERSECURITY,GST 211,200 Level,1.94,1.94,5,20,10,59,94,5.0,3.47,Second Class Lower,Second Class Upper
Blessing Fashola,250502325,ICT,CSC 201,200 Level,2.02,2.02,1,9,9,12,31,0.0,1.01,Pass,Fail
Blessing Fashola,250502386,ICT,CHM 201,200 Level,3.98,3.98,9,11,4,50,74,5.0,4.49,Second Class Upper,First Class
Blessing Gana,250502473,CYBERSECURITY,GST 211,200 Level,2.32,2.32,1,18,7,35,61,4.0,3.16,Second Class Lower,Second Class Upper
Blessing Gana,250501252,CYBERSECURITY,MTH 223,200 Level,4.33,4.33,9,20,9,15,53,3.0,3.66,Second Class Upper,Second Class Lower
Blessing Hassan,250502416,COMPUTER SCIENCE,CSC 201,200 Level,0.68,0.68,5,4,3,1,13,0.0,0.34,Fail,Fail
Blessing Hassan,250501258,ICT,CHM 201,200 Level,3.07,3.07,4,14,7,27,52,3.0,3.04,Second Class Lower,Second Class Lower
Blessing Ikenna,250502975,COMPUTER SCIENCE,GST 209,200 Level,4.73,4.73,9,1,5,51,66,4.0,4.36,Second Class Upper,Second Class Upper
Blessing Ikenna,250501389,ICT,GST 211,200 Level,4.13,4.13,5,19,10,27,61,4.0,4.06,Second Class Upper,Second Class Upper
Blessing James,250501195,ICT,MTH 201,200 Level,2.07,2.07,9,1,9,0,19,0.0,1.03,Pass,Fail
Blessing Kalu,250502981,CYBERSECURITY,MTH 223,200 Level,4.11,4.11,1,17,9,12,39,0.0,2.06,Third Class,Fail
Blessing Kalu,250501734,CYBERSECURITY,MTH 201,200 Level,2.11,2.11,7,4,4,1,16,0.0,1.06,Pass,Fail
Blessing Kalu,250501301,ICT,CHM 201,200 Level,2.89,2.89,6,12,6,56,80,5.0,3.94,Second Class Upper,First Class
Blessing Lawal,250502870,CYBERSECURITY,GST 209,200 Level,4.18,4.18,9,4,3,27,43,1.0,2.59,Second Class Lower,Third Class
Blessing Lawal,250502575,ICT,GST 211,200 Level,0.93,0.93,1,7,4,51,63,4.0,2.46,Third Class,Second Class Lower
Blessing Madu,250502198,ICT,CHM 201,200 Level,3.87,3.87,7,12,8,27,54,3.0,3.44,Second Class Lower,Second Class Lower
Blessing Madu,250502235,COMPUTER SCIENCE,GST 209,200 Level,2.16,2.16,7,14,5,27,53,3.0,2.58,Second Class Lower,Second Class Lower
Blessing Madu,250502341,COMPUTER SCIENCE,GST 209,200 Level,2.58,2.58,5,4,9,44,62,4.0,3.29,Second Class Lower,Second Class Upper
Blessing Musa,250502910,ICT,GST 211,200 Level,1.88,1.88,5,3,7,26,41,1.0,1.44,Pass,Pass
Blessing Musa,250501261,ICT,CSC 201,200 Level,4.96,4.96,3,9,4,2,18,0.0,2.48,Third Class,Fail
Blessing Musa,250501686,ICT,GST 209,200 Level,3.07,3.07,10,6,9,13,38,0.0,1.54,Third Class,Fail
Blessing Nwachukwu,250502755,CYBERSECURITY,PHY 205,200 Level,4.11,4.11,4,13,2,43,62,4.0,4.06,Second Class Upper,Second Class Upper
Blessing Nwachukwu,250502976,COMPUTER SCIENCE,GST 211,200 Level,1.67,1.67,2,11,8,9,30,0.0,0.84,Fail,Fail
Blessing Nwachukwu,250501903,COMPUTER SCIENCE,GST 211,200 Level,3.12,3.12,4,13,9,34,60,4.0,3.56,Second Class Upper,Second Class Upper
Blessing Nwosu,250501191,ICT,CSC 201,200 Level,4.54,4.54,3,20,5,6,34,0.0,2.27,Third Class,Fail
Blessing Nwosu,250501447,COMPUTER SCIENCE,MTH 201,200 Level,3.89,3.89,0,11,7,12,30,0.0,1.94,Third Class,Fail
Blessing Nwosu,250501817,CYBERSECURITY,MTH 201,200 Level,2.3,2.3,10,8,5,1,24,0.0,1.15,Pass,Fail
Blessing Obi,250502107,COMPUTER SCIENCE,MTH 201,200 Level,3.91,3.91,0,5,4,0,9,0.0,1.96,Third Class,Fail
Blessing Obi,250502534,CYBERSECURITY,CHM 207,200 Level,2.36,2.36,9,12,8,26,55,3.0,2.68,Second Class Lower,Second Class Lower
Blessing Okafor,250502258,CYBERSECURITY,GST 209,200 Level,0.79,0.79,5,9,1,14,29,0.0,0.4,Fail,Fail
Blessing Okafor,250502202,CYBERSECURITY,PHY 201,200 Level,0.6,0.6,10,6,2,52,70,5.0,2.8,Second Class Lower,Second Class Upper
Blessing Okoro,250502827,COMPUTER SCIENCE,MTH 201,200 Level,4.86,4.86,6,13,5,49,73,5.0,4.93,First Class,First Class
Blessing Raji,250502377,ICT,CHM 207,200 Level,2.82,2.82,0,15,10,5,30,0.0,1.41,Pass,Fail
Blessing Usman,250501902,ICT,PHY 201,200 Level,1.32,1.32,1,18,10,19,48,2.0,1.66,Third Class,Third Class
Blessing Usman,250501159,ICT,CSC 201,200 Level,3.78,3.78,10,20,3,6,39,0.0,1.89,Third Class,Fail
Blessing Usman,250501588,COMPUTER SCIENCE,GST 209,200 Level,1.08,1.08,9,3,10,56,78,5.0,3.04,Second Class Lower,Second Class Upper
Blessing Usman,250501374,CYBERSECURITY,CSC 201,200 Level,0.82,0.82,3,8,3,9,23,0.0,0.41,Fail,Fail
Bola Adeola,250502935,COMPUTER SCIENCE,MTH 223,200 Level,4.12,4.12,5,12,3,54,74,5.0,4.56,First Class,First Class
Bola Adeola,250502160,COMPUTER SCIENCE,CHM 207,200 Level,4.22,4.22,0,12,3,34,49,2.0,3.11,Second Class Lower,Third Class
Bola Afolabi,250501372,ICT,GST 211,200 Level,0.92,0.92,6,2,8,60,76,5.0,2.96,Second Class Lower,Second Class Upper
Bola Afolabi,250501048,ICT,PHY 201,200 Level,2.96,2.96,2,3,0,58,63,4.0,3.48,Second Class Lower,Second Class Upper
Bola Afolabi,250502305,ICT,CHM 207,200 Level,4.42,4.42,10,8,10,42,70,5.0,4.71,First Class,First Class
Bola Afolabi,250502085,ICT,CHM 207,200 Level,2.6,2.6,3,2,6,36,47,2.0,2.3,Third Class,Third Class
Bola Afolabi,250501579,ICT,CHM 207,200 Level,1.66,1.66,5,19,1,9,34,0.0,0.83,Fail,Fail
Bola Babatunde,250501814,ICT,CHM 207,200 Level,4.41,4.41,7,19,9,12,47,2.0,3.2,Second Class Lower,Third Class
Bola Babatunde,250501516,CYBERSECURITY,MTH 223,200 Level,2.19,2.19,10,11,0,40,61,4.0,3.1,Second Class Lower,Second Class Upper
Bola Babatunde,250501442,CYBERSECURITY,PHY 201,200 Level,2.18,2.18,7,6,2,30,45,2.0,2.09,Third Class,Third Class
Bola Babatunde,250501532,CYBERSECURITY,GST 211,200 Level,4.98,4.98,9,3,5,0,17,0.0,2.49,Third Class,Fail
Bola Babatunde,250502962,CYBERSECURITY,PHY 201,200 Level,4.28,4.28,5,15,6,32,58,3.0,3.64,Second Class Upper,Second Class Lower
Bola Babatunde,250502788,CYBERSECURITY,MTH 223,200 Level,0.8,0.8,8,15,7,6,36,0.0,0.4,Fail,Fail
Bola Babatunde,250501003,CYBERSECURITY,GST 211,200 Level,3.19,3.19,7,5,6,13,31,0.0,1.6,Third Class,Fail
Bola Bello,250501924,CYBERSECURITY,GST 209,200 Level,2.41,2.41,5,19,1,59,84,5.0,3.7,Second Class Upper,Second Class Upper
Bola Bello,250502721,COMPUTER SCIENCE,MTH 201,200 Level,1.05,1.05,9,11,3,44,67,4.0,2.52,Second Class Lower,Second Class Lower
Bola Bello,250501704,CYBERSECURITY,CHM 201,200 Level,0.79,0.79,0,3,1,4,8,0.0,0.4,Fail,Fail
Bola Bello,250502832,COMPUTER SCIENCE,GST 211,200 Level,3.12,3.12,9,6,9,53,77,5.0,4.06,Second Class Upper,First Class
Bola Bello,250502655,COMPUTER SCIENCE,CSC 201,200 Level,4.72,4.72,1,17,1,36,55,3.0,3.86,Second Class Upper,Second Class Lower
Bola Chukwu,250502706,CYBERSECURITY,GST 211,200 Level,3.38,3.38,3,19,6,6,34,0.0,1.69,Third Class,Fail
Bola Chukwu,250502153,ICT,MTH 201,200 Level,3.56,3.56,6,20,4,16,46,2.0,2.78,Second Class Lower,Third Class
Bola Chukwu,250501161,CYBERSECURITY,GST 211,200 Level,3.35,3.35,5,12,2,7,26,0.0,1.68,Third Class,Fail
Bola Chukwu,250501108,CYBERSECURITY,CHM 207,200 Level,1.53,1.53,5,7,10,6,28,0.0,0.76,Fail,Fail
Bola Chukwu,250502583,COMPUTER SCIENCE,PHY 205,200 Level,2.74,2.74,1,19,5,33,58,3.0,2.87,Second Class Lower,Second Class Lower
Bola Chukwu,250502747,CYBERSECURITY,PHY 205,200 Level,1.67,1.67,0,6,9,44,59,3.0,2.34,Third Class,Second Class Lower
Bola Danladi,250502343,CYBERSECURITY,GST 211,200 Level,3.77,3.77,3,16,5,32,56,3.0,3.38,Second Class Lower,Second Class Lower
Bola Danladi,250501697,CYBERSECURITY,PHY 201,200 Level,3.12,3.12,6,12,10,8,36,0.0,1.56,Third Class,Fail
Bola Danladi,250502668,CYBERSECURITY,CHM 201,200 Level,1.02,1.02,6,17,1,15,39,0.0,0.51,Fail,Fail
Bola Dikko,250501972,COMPUTER SCIENCE,CSC 201,200 Level,3.8,3.8,4,19,6,15,44,1.0,2.4,Third Class,Third Class
Bola Dikko,250501295,COMPUTER SCIENCE,CSC 201,200 Level,2.85,2.85,2,20,9,28,59,3.0,2.92,Second Class Lower,Second Class Lower
Bola Ejike,250502184,CYBERSECURITY,CSC 201,200 Level,0.96,0.96,3,19,2,23,47,2.0,1.48,Pass,Third Class
Bola Ejike,250501919,ICT,CSC 201,200 Level,1.13,1.13,7,6,5,47,65,4.0,2.56,Second Class Lower,Second Class Lower
Bola Eze,250501024,COMPUTER SCIENCE,CHM 201,200 Level,2.55,2.55,5,17,5,55,82,5.0,3.78,Second Class Upper,First Class
Bola Eze,250501510,CYBERSECURITY,PHY 201,200 Level,3.26,3.26,6,2,0,35,43,1.0,2.13,Third Class,Pass
Bola Eze,250501885,COMPUTER SCIENCE,PHY 201,200 Level,1.3,1.3,4,11,8,30,53,3.0,2.15,Third Class,Second Class Lower
Bola Eze,250501425,ICT,MTH 201,200 Level,2.97,2.97,7,4,4,20,35,0.0,1.48,Pass,Fail
Bola Fashola,250501508,CYBERSECURITY,CHM 201,200 Level,4.77,4.77,0,2,2,52,56,3.0,3.88,Second Class Upper,Second Class Lower
Bola Fashola,250502062,ICT,GST 209,200 Level,3.96,3.96,1,0,9,48,58,3.0,3.48,Second Class Lower,Second Class Lower
Bola Fashola,250501551,CYBERSECURITY,GST 209,200 Level,4.33,4.33,9,18,7,59,93,5.0,4.66,First Class,First Class
Bola Fashola,250502162,COMPUTER SCIENCE,PHY 201,200 Level,2.01,2.01,3,4,10,22,39,0.0,1.0,Pass,Fail
Bola Fashola,250501426,ICT,CSC 201,200 Level,2.49,2.49,4,12,7,23,46,2.0,2.24,Third Class,Third Class
Bola Fashola,250502609,ICT,CHM 201,200 Level,2.93,2.93,0,10,7,48,65,4.0,3.46,Second Class Lower,Second Class Upper
Bola Gana,250501692,CYBERSECURITY,GST 209,200 Level,2.78,2.78,4,3,9,60,76,5.0,3.89,Second Class Upper,First Class
Bola Gana,250501455,ICT,PHY 201,200 Level,2.72,2.72,6,9,4,0,19,0.0,1.36,Pass,Fail
Bola Garba,250501701,COMPUTER SCIENCE,GST 211,200 Level,0.73,0.73,3,19,8,12,42,1.0,0.86,Fail,Fail
Bola Hassan,250501219,ICT,CHM 207,200 Level,4.32,4.32,2,19,10,35,66,4.0,4.16,Second Class Upper,Second Class Upper
Bola Hassan,250502913,ICT,GST 211,200 Level,2.16,2.16,9,13,6,47,75,5.0,3.58,Second Class Upper,Second Class Upper
Bola Hassan,250501046,CYBERSECURITY,CHM 201,200 Level,1.9,1.9,0,5,2,26,33,0.0,0.95,Fail,Fail
Bola Ikenna,250501659,ICT,GST 211,200 Level,3.07,3.07,5,12,10,59,86,5.0,4.04,Second Class Upper,First Class
Bola Ikenna,250501757,ICT,PHY 205,200 Level,2.9,2.9,5,1,10,37,53,3.0,2.95,Second Class Lower,Second Class Lower
Bola Ikenna,250501888,CYBERSECURITY,MTH 201,200 Level,0.95,0.95,2,14,10,43,69,4.0,2.48,Third Class,Second Class Lower
Bola Ikenna,250501897,ICT,GST 211,200 Level,4.53,4.53,1,10,9,20,40,1.0,2.76,Second Class Lower,Third Class
Bola James,250501835,CYBERSECURITY,MTH 201,200 Level,2.39,2.39,5,1,2,37,45,2.0,2.2,Third Class,Third Class
Bola Kalu,250501385,ICT,CHM 207,200 Level,4.12,4.12,7,0,9,10,26,0.0,2.06,Third Class,Fail
Bola Lawal,250502986,COMPUTER SCIENCE,CSC 201,200 Level,3.78,3.78,2,7,7,33,49,2.0,2.89,Second Class Lower,Third Class
Bola Madu,250501392,CYBERSECURITY,PHY 205,200 Level,2.17,2.17,0,20,7,46,73,5.0,3.58,Second Class Upper,Second Class Upper
Bola Madu,250502506,CYBERSECURITY,CSC 201,200 Level,3.11,3.11,10,5,2,38,55,3.0,3.06,Second Class Lower,Second Class Lower
Bola Madu,250502999,COMPUTER SCIENCE,CHM 207,200 Level,1.77,1.77,5,14,7,55,81,5.0,3.38,Second Class Lower,Second Class Upper
Bola Musa,250501873,COMPUTER SCIENCE,MTH 223,200 Level,2.34,2.34,6,13,3,57,79,5.0,3.67,Second Class Upper,Second Class Upper
Bola Nwachukwu,250502302,ICT,GST 209,200 Level,0.73,0.73,1,20,2,48,71,5.0,2.86,Second Class Lower,Second Class Upper
Bola Nwachukwu,250502969,ICT,CHM 201,200 Level,0.62,0.62,10,7,10,30,57,3.0,1.81,Third Class,Second Class Lower
Bola Nwachukwu,250501733,COMPUTER SCIENCE,CHM 207,200 Level,2.85,2.85,0,17,4,49,70,5.0,3.92,Second Class Upper,First Class
Bola Nwachukwu,250502818,CYBERSECURITY,PHY 205,200 Level,3.31,3.31,3,18,7,15,43,1.0,2.16,Third Class,Pass
Bola Nwosu,250501000,CYBERSECURITY,CHM 207,200 Level,2.19,2.19,6,16,2,58,82,5.0,3.6,Second Class Upper,Second Class Upper
Bola Nwosu,250502446,CYBERSECURITY,PHY 205,200 Level,3.62,3.62,9,19,1,38,67,4.0,3.81,Second Class Upper,Second Class Upper
Bola Okafor,250501834,CYBERSECURITY,PHY 201,200 Level,2.74,2.74,5,3,4,1,13,0.0,1.37,Pass,Fail
Bola Okafor,250502402,ICT,CHM 207,200 Level,0.67,0.67,1,19,4,28,52,3.0,1.84,Third Class,Second Class Lower
Bola Okoro,250502563,CYBERSECURITY,PHY 201,200 Level,1.74,1.74,1,16,2,0,19,0.0,0.87,Fail,Fail
Bola Okoro,250501703,COMPUTER SCIENCE,CSC 201,200 Level,1.1,1.1,0,5,8,49,62,4.0,2.55,Second Class Lower,Second Class Lower
Bola Okoro,250501454,CYBERSECURITY,PHY 205,200 Level,1.0,1.0,10,9,1,45,65,4.0,2.5,Second Class Lower,Second Class Lower
Bola Okoro,250501212,COMPUTER SCIENCE,MTH 223,200 Level,3.43,3.43,2,6,7,13,28,0.0,1.72,Third Class,Fail
Bola Peters,250502082,CYBERSECURITY,PHY 205,200 Level,2.38,2.38,10,13,1,11,35,0.0,1.19,Pass,Fail
Bola Peters,250502396,CYBERSECURITY,CHM 201,200 Level,2.44,2.44,4,10,8,45,67,4.0,3.22,Second Class Lower,Second Class Upper
Bola Peters,250502676,COMPUTER SCIENCE,CHM 201,200 Level,0.86,0.86,6,6,10,11,33,0.0,0.43,Fail,Fail
Bola Raji,250501784,ICT,CHM 207,200 Level,1.32,1.32,10,11,10,25,56,3.0,2.16,Third Class,Second Class Lower
Bola Raji,250502964,COMPUTER SCIENCE,GST 211,200 Level,3.07,3.07,7,19,8,28,62,4.0,3.54,Second Class Upper,Second Class Upper
Bola Salisu,250501380,CYBERSECURITY,PHY 205,200 Level,1.03,1.03,1,19,9,42,71,5.0,3.02,Second Class Lower,Second Class Upper
Bola Salisu,250501018,ICT,PHY 205,200 Level,2.44,2.44,4,6,9,6,25,0.0,1.22,Pass,Fail
Bola Salisu,250502652,CYBERSECURITY,CHM 207,200 Level,1.68,1.68,0,5,7,3,15,0.0,0.84,Fail,Fail
Bola Salisu,250501965,COMPUTER SCIENCE,CHM 201,200 Level,2.1,2.1,3,7,10,16,36,0.0,1.05,Pass,Fail
Bola Salisu,250501100,ICT,MTH 201,200 Level,0.64,0.64,3,19,4,23,49,2.0,1.32,Pass,Third Class
Bola Salisu,250502934,COMPUTER SCIENCE,GST 211,200 Level,3.54,3.54,7,0,0,46,53,3.0,3.27,Second Class Lower,Second Class Lower
Bola Usman,250502794,ICT,MTH 201,200 Level,0.69,0.69,2,2,1,21,26,0.0,0.34,Fail,Fail
Chidi Adeola,250502810,ICT,MTH 201,200 Level,3.47,3.47,7,9,5,60,81,5.0,4.24,Second Class Upper,First Class
Chidi Adeola,250502485,CYBERSECURITY,PHY 201,200 Level,2.15,2.15,10,3,10,45,68,4.0,3.08,Second Class Lower,Second Class Upper
Chidi Adeyemi,250501589,COMPUTER SCIENCE,CHM 201,200 Level,1.18,1.18,4,16,6,4,30,0.0,0.59,Fail,Fail
Chidi Adeyemi,250502287,ICT,GST 211,200 Level,2.08,2.08,5,4,8,27,44,1.0,1.54,Third Class,Pass
Chidi Adeyemi,250502623,CYBERSECURITY,CHM 201,200 Level,4.81,4.81,7,15,3,0,25,0.0,2.4,Third Class,Fail
Chidi Adeyemi,250501281,ICT,GST 211,200 Level,2.02,2.02,2,7,4,56,69,4.0,3.01,Second Class Lower,Second Class Upper
Chidi Afolabi,250502431,ICT,CHM 201,200 Level,2.82,2.82,1,15,7,38,61,4.0,3.41,Second Class Lower,Second Class Upper
Chidi Afolabi,250501329,CYBERSECURITY,CHM 201,200 Level,1.61,1.61,1,12,2,40,55,3.0,2.31,Third Class,Second Class Lower
Chidi Bello,250501358,CYBERSECURITY,CHM 207,200 Level,4.73,4.73,5,1,6,10,22,0.0,2.37,Third Class,Fail
Chidi Chukwu,250502136,CYBERSECURITY,GST 211,200 Level,4.33,4.33,7,10,9,47,73,5.0,4.66,First Class,First Class
Chidi Danladi,250501545,ICT,GST 211,200 Level,2.11,2.11,4,6,1,60,71,5.0,3.56,Second Class Upper,Second Class Upper
Chidi Dikko,250502009,ICT,GST 209,200 Level,2.7,2.7,1,20,10,41,72,5.0,3.85,Second Class Upper,First Class
Chidi Dikko,250502084,COMPUTER SCIENCE,PHY 201,200 Level,4.75,4.75,8,15,0,19,42,1.0,2.88,Second Class Lower,Third Class
Chidi Ejike,250502472,COMPUTER SCIENCE,PHY 201,200 Level,4.45,4.45,2,18,6,40,66,4.0,4.22,Second Class Upper,Second Class Upper
Chidi Ejike,250502831,CYBERSECURITY,GST 211,200 Level,3.21,3.21,10,17,4,22,53,3.0,3.1,Second Class Lower,Second Class Lower
Chidi Ejike,250501182,COMPUTER SCIENCE,GST 209,200 Level,4.66,4.66,5,18,9,3,35,0.0,2.33,Third Class,Fail
Chidi Eze,250502263,ICT,MTH 201,200 Level,2.55,2.55,7,14,4,9,34,0.0,1.27,Pass,Fail
Chidi Fashola,250501415,CYBERSECURITY,PHY 205,200 Level,2.52,2.52,9,7,0,0,16,0.0,1.26,Pass,Fail
Chidi Gana,250502418,ICT,CHM 201,200 Level,2.53,2.53,4,19,7,24,54,3.0,2.76,Second Class Lower,Second Class Lower
Chidi Gana,250502307,ICT,MTH 201,200 Level,4.11,4.11,5,5,9,6,25,0.0,2.06,Third Class,Fail
Chidi Gana,250501095,ICT,MTH 223,200 Level,2.72,2.72,2,1,7,48,58,3.0,2.86,Second Class Lower,Second Class Lower
Chidi Gana,250501932,CYBERSECURITY,GST 209,200 Level,4.93,4.93,10,1,3,8,22,0.0,2.46,Third Class,Fail
Chidi Gana,250501359,CYBERSECURITY,CSC 201,200 Level,3.09,3.09,8,2,4,35,49,2.0,2.54,Second Class Lower,Third Class
Chidi Gana,250501366,ICT,GST 211,200 Level,4.83,4.83,2,2,3,57,64,4.0,4.42,Second Class Upper,Second Class Upper
Chidi Garba,250502290,CYBERSECURITY,MTH 223,200 Level,2.29,2.29,7,2,2,60,71,5.0,3.64,Second Class Upper,Second Class Upper
Chidi Garba,250501008,COMPUTER SCIENCE,GST 209,200 Level,3.21,3.21,5,17,5,10,37,0.0,1.6,Third Class,Fail
Chidi Garba,250501585,COMPUTER SCIENCE,PHY 201,200 Level,1.58,1.58,5,10,6,46,67,4.0,2.79,Second Class Lower,Second Class Upper
Chidi Garba,250502988,COMPUTER SCIENCE,PHY 205,200 Level,2.47,2.47,7,15,4,27,53,3.0,2.74,Second Class Lower,Second Class Lower
Chidi Hassan,250501334,ICT,GST 211,200 Level,0.71,0.71,6,13,0,25,44,1.0,0.86,Fail,Fail
Chidi Hassan,250501788,CYBERSECURITY,GST 211,200 Level,2.58,2.58,6,17,5,16,44,1.0,1.79,Third Class,Pass
Chidi Hassan,250502457,ICT,MTH 223,200 Level,3.54,3.54,8,19,6,6,39,0.0,1.77,Third Class,Fail
Chidi Hassan,250502090,COMPUTER SCIENCE,PHY 205,200 Level,4.74,4.74,8,6,9,38,61,4.0,4.37,Second Class Upper,Second Class Upper
Chidi Hassan,250501920,CYBERSECURITY,MTH 201,200 Level,4.41,4.41,6,14,4,26,50,3.0,3.7,Second Class Upper,Second Class Lower
Chidi Ikenna,250502588,CYBERSECURITY,PHY 205,200 Level,2.43,2.43,2,14,9,49,74,5.0,3.72,Second Class Upper,Second Class Upper
Chidi Ikenna,250501251,ICT,PHY 201,200 Level,2.23,2.23,3,20,10,45,78,5.0,3.62,Second Class Upper,Second Class Upper
Chidi Ikenna,250501213,CYBERSECURITY,CHM 207,200 Level,1.51,1.51,9,3,2,30,44,1.0,1.25,Pass,Pass
Chidi James,250501614,COMPUTER SCIENCE,GST 209,200 Level,4.43,4.43,6,14,3,30,53,3.0,3.72,Second Class Upper,Second Class Lower
Chidi James,250501196,ICT,CHM 201,200 Level,3.77,3.77,4,15,9,50,78,5.0,4.38,Second Class Upper,First Class
Chidi Lawal,250502098,CYBERSECURITY,CSC 201,200 Level,4.01,4.01,5,1,8,8,22,0.0,2.0,Third Class,Fail
Chidi Lawal,250502214,COMPUTER SCIENCE,MTH 223,200 Level,3.62,3.62,7,7,4,31,49,2.0,2.81,Second Class Lower,Third Class
Chidi Madu,250501153,COMPUTER SCIENCE,MTH 201,200 Level,2.7,2.7,1,6,9,36,52,3.0,2.85,Second Class Lower,Second Class Lower
Chidi Madu,250502779,COMPUTER SCIENCE,GST 209,200 Level,4.28,4.28,9,14,0,56,79,5.0,4.64,First Class,First Class
Chidi Madu,250502436,ICT,CHM 207,200 Level,1.89,1.89,5,2,1,36,44,1.0,1.44,Pass,Pass
Chidi Madu,250502388,CYBERSECURITY,GST 209,200 Level,4.86,4.86,3,17,5,20,45,2.0,3.43,Second Class Lower,Second Class Lower
Chidi Musa,250502010,CYBERSECURITY,MTH 201,200 Level,1.5,1.5,6,4,3,45,58,3.0,2.25,Third Class,Second Class Lower
Chidi Musa,250501158,COMPUTER SCIENCE,PHY 201,200 Level,1.57,1.57,1,19,8,18,46,2.0,1.78,Third Class,Third Class
Chidi Nwachukwu,250501742,COMPUTER SCIENCE,CSC 201,200 Level,3.86,3.86,0,9,5,52,66,4.0,3.93,Second Class Upper,Second Class Upper
Chidi Nwachukwu,250502179,ICT,PHY 205,200 Level,2.94,2.94,0,12,8,46,66,4.0,3.47,Second Class Lower,Second Class Upper
Chidi Nwosu,250501420,COMPUTER SCIENCE,PHY 201,200 Level,4.06,4.06,9,7,8,1,25,0.0,2.03,Third Class,Fail
Chidi Nwosu,250501777,COMPUTER SCIENCE,MTH 201,200 Level,3.75,3.75,1,14,7,54,76,5.0,4.38,Second Class Upper,First Class
Chidi Nwosu,250501120,ICT,CHM 201,200 Level,4.13,4.13,7,4,9,56,76,5.0,4.56,First Class,First Class
Chidi Nwosu,250502757,COMPUTER SCIENCE,PHY 201,200 Level,2.7,2.7,7,6,2,42,57,3.0,2.85,Second Class Lower,Second Class Lower
Chidi Nwosu,250502710,ICT,MTH 201,200 Level,1.18,1.18,7,1,5,54,67,4.0,2.59,Second Class Lower,Second Class Lower
Chidi Obi,250502301,COMPUTER SCIENCE,MTH 201,200 Level,4.71,4.71,10,11,7,21,49,2.0,3.36,Second Class Lower,Second Class Lower
Chidi Obi,250501410,CYBERSECURITY,MTH 201,200 Level,1.94,1.94,0,17,1,37,55,3.0,2.47,Third Class,Second Class Lower
Chidi Okafor,250502790,CYBERSECURITY,CSC 201,200 Level,1.18,1.18,2,15,0,18,35,0.0,0.59,Fail,Fail
Chidi Okafor,250502036,ICT,PHY 201,200 Level,2.03,2.03,4,13,4,22,43,1.0,1.52,Third Class,Pass
Chidi Okafor,250502972,CYBERSECURITY,PHY 205,200 Level,1.73,1.73,2,13,1,45,61,4.0,2.86,Second Class Lower,Second Class Upper
Chidi Okafor,250502240,CYBERSECURITY,CSC 201,200 Level,4.41,4.41,7,3,8,9,27,0.0,2.2,Third Class,Fail
Chidi Okonkwo,250501775,COMPUTER SCIENCE,MTH 223,200 Level,1.17,1.17,9,10,3,30,52,3.0,2.08,Third Class,Second Class Lower
Chidi Okonkwo,250502329,CYBERSECURITY,PHY 201,200 Level,2.74,2.74,5,19,2,32,58,3.0,2.87,Second Class Lower,Second Class Lower
Chidi Okoro,250502354,CYBERSECURITY,GST 211,200 Level,2.69,2.69,3,13,7,13,36,0.0,1.34,Pass,Fail
Chidi Okoro,250501911,COMPUTER SCIENCE,CSC 201,200 Level,1.71,1.71,7,1,9,26,43,1.0,1.36,Pass,Pass
Chidi Okoro,250502595,CYBERSECURITY,GST 211,200 Level,3.1,3.1,0,13,10,0,23,0.0,1.55,Third Class,Fail
Chidi Raji,250501284,ICT,PHY 201,200 Level,3.1,3.1,3,0,4,2,9,0.0,1.55,Third Class,Fail
Chidi Raji,250501233,CYBERSECURITY,GST 209,200 Level,2.72,2.72,10,7,9,5,31,0.0,1.36,Pass,Fail
Chidi Salisu,250501743,ICT,GST 211,200 Level,2.76,2.76,4,8,5,7,24,0.0,1.38,Pass,Fail
Chidi Salisu,250502478,ICT,PHY 205,200 Level,4.09,4.09,9,14,7,16,46,2.0,3.04,Second Class Lower,Third Class
Chidi Usman,250501937,COMPUTER SCIENCE,CSC 201,200 Level,4.61,4.61,5,18,0,41,64,4.0,4.3,Second Class Upper,Second Class Upper
Chidi Usman,250502893,COMPUTER SCIENCE,CHM 201,200 Level,1.42,1.42,8,20,1,0,29,0.0,0.71,Fail,Fail
Chidi Usman,250501458,CYBERSECURITY,GST 209,200 Level,0.75,0.75,3,16,6,50,75,5.0,2.88,Second Class Lower,Second Class Upper
Chidi Usman,250501766,COMPUTER SCIENCE,PHY 205,200 Level,3.93,3.93,1,10,1,56,68,4.0,3.96,Second Class Upper,Second Class Upper
Chioma Adeola,250502051,ICT,PHY 205,200 Level,2.88,2.88,9,17,10,2,38,0.0,1.44,Pass,Fail
Chioma Adeola,250502188,ICT,GST 209,200 Level,1.85,1.85,10,20,2,18,50,3.0,2.42,Third Class,Second Class Lower
Chioma Adeyemi,250501207,ICT,CHM 207,200 Level,3.49,3.49,8,4,4,0,16,0.0,1.74,Third Class,Fail
Chioma Afolabi,250502863,CYBERSECURITY,CHM 201,200 Level,2.95,2.95,4,9,7,31,51,3.0,2.98,Second Class Lower,Second Class Lower
Chioma Afolabi,250502883,ICT,MTH 223,200 Level,3.93,3.93,0,8,6,55,69,4.0,3.96,Second Class Upper,Second Class Upper
Chioma Afolabi,250502567,CYBERSECURITY,CHM 207,200 Level,0.93,0.93,0,13,10,21,44,1.0,0.97,Fail,Fail
Chioma Babatunde,250501014,ICT,CHM 207,200 Level,1.32,1.32,1,8,8,53,70,5.0,3.16,Second Class Lower,Second Class Upper
Chioma Bello,250501350,CYBERSECURITY,GST 209,200 Level,2.76,2.76,2,5,4,11,22,0.0,1.38,Pass,Fail
Chioma Bello,250501748,ICT,CHM 207,200 Level,4.58,4.58,0,9,10,52,71,5.0,4.79,First Class,First Class
Chioma Chukwu,250501236,ICT,MTH 223,200 Level,1.76,1.76,3,12,4,12,31,0.0,0.88,Fail,Fail
Chioma Chukwu,250501030,ICT,CSC 201,200 Level,3.23,3.23,6,19,0,58,83,5.0,4.12,Second Class Upper,First Class
Chioma Chukwu,250501741,ICT,MTH 201,200 Level,1.86,1.86,4,12,0,0,16,0.0,0.93,Fail,Fail
Chioma Dikko,250502705,ICT,CSC 201,200 Level,0.98,0.98,6,10,7,15,38,0.0,0.49,Fail,Fail
Chioma Dikko,250502133,ICT,PHY 201,200 Level,1.49,1.49,9,17,1,17,44,1.0,1.25,Pass,Pass
Chioma Dikko,250502526,ICT,GST 211,200 Level,1.78,1.78,0,6,6,6,18,0.0,0.89,Fail,Fail
Chioma Eze,250502796,CYBERSECURITY,MTH 223,200 Level,3.72,3.72,1,0,7,60,68,4.0,3.86,Second Class Upper,Second Class Upper
Chioma Fashola,250502024,ICT,MTH 223,200 Level,4.75,4.75,0,17,1,56,74,5.0,4.88,First Class,First Class
Chioma Gana,250501437,ICT,CSC 201,200 Level,4.2,4.2,6,11,5,35,57,3.0,3.6,Second Class Upper,Second Class Lower
Chioma Garba,250502203,COMPUTER SCIENCE,CHM 201,200 Level,1.96,1.96,7,5,0,41,53,3.0,2.48,Third Class,Second Class Lower
Chioma Garba,250501921,COMPUTER SCIENCE,CSC 201,200 Level,2.69,2.69,3,10,1,20,34,0.0,1.34,Pass,Fail
Chioma Hassan,250501387,COMPUTER SCIENCE,PHY 201,200 Level,1.3,1.3,5,2,9,44,60,4.0,2.65,Second Class Lower,Second Class Lower
Chioma Hassan,250502751,COMPUTER SCIENCE,PHY 201,200 Level,1.47,1.47,5,13,4,57,79,5.0,3.24,Second Class Lower,Second Class Upper
Chioma Hassan,250501203,ICT,GST 209,200 Level,4.54,4.54,2,9,10,0,21,0.0,2.27,Third Class,Fail
Chioma Hassan,250502660,CYBERSECURITY,CHM 201,200 Level,3.2,3.2,2,12,5,15,34,0.0,1.6,Third Class,Fail
Chioma Hassan,250501790,COMPUTER SCIENCE,GST 211,200 Level,1.19,1.19,0,10,10,60,80,5.0,3.1,Second Class Lower,Second Class Upper
Chioma Hassan,250502564,ICT,PHY 201,200 Level,4.2,4.2,3,19,4,53,79,5.0,4.6,First Class,First Class
Chioma Ikenna,250501548,ICT,MTH 201,200 Level,2.84,2.84,0,7,8,29,44,1.0,1.92,Third Class,Pass
Chioma Ikenna,250501974,COMPUTER SCIENCE,MTH 223,200 Level,0.64,0.64,10,15,9,16,50,3.0,1.82,Third Class,Second Class Lower
Chioma Ikenna,250502517,CYBERSECURITY,PHY 205,200 Level,4.54,4.54,2,13,3,54,72,5.0,4.77,First Class,First Class
Chioma Ikenna,250501534,ICT,CSC 201,200 Level,3.96,3.96,8,15,10,36,69,4.0,3.98,Second Class Upper,Second Class Upper
Chioma James,250502884,CYBERSECURITY,PHY 205,200 Level,1.22,1.22,9,12,6,22,49,2.0,1.61,Third Class,Third Class
Chioma Kalu,250502712,COMPUTER SCIENCE,GST 209,200 Level,4.01,4.01,1,15,9,30,55,3.0,3.5,Second Class Upper,Second Class Lower
Chioma Kalu,250501611,CYBERSECURITY,PHY 205,200 Level,4.1,4.1,5,18,6,59,88,5.0,4.55,First Class,First Class
Chioma Kalu,250501851,COMPUTER SCIENCE,CHM 207,200 Level,3.87,3.87,10,11,7,10,38,0.0,1.94,Third Class,Fail
Chioma Lawal,250501944,CYBERSECURITY,GST 211,200 Level,1.43,1.43,7,19,7,18,51,3.0,2.22,Third Class,Second Class Lower
Chioma Lawal,250502173,CYBERSECURITY,CHM 207,200 Level,1.67,1.67,3,14,10,25,52,3.0,2.34,Third Class,Second Class Lower
Chioma Madu,250502422,CYBERSECURITY,PHY 205,200 Level,0.69,0.69,7,1,7,7,22,0.0,0.34,Fail,Fail
Chioma Madu,250501725,ICT,MTH 223,200 Level,4.29,4.29,2,5,0,11,18,0.0,2.14,Third Class,Fail
Chioma Madu,250501967,CYBERSECURITY,PHY 201,200 Level,1.84,1.84,0,15,2,29,46,2.0,1.92,Third Class,Third Class
Chioma Madu,250501362,CYBERSECURITY,CSC 201,200 Level,2.56,2.56,3,19,1,32,55,3.0,2.78,Second Class Lower,Second Class Lower
Chioma Musa,250501866,CYBERSECURITY,CHM 201,200 Level,1.2,1.2,9,12,1,19,41,1.0,1.1,Pass,Pass
Chioma Musa,250502737,ICT,MTH 201,200 Level,1.38,1.38,7,7,8,3,25,0.0,0.69,Fail,Fail
Chioma Musa,250502065,COMPUTER SCIENCE,PHY 205,200 Level,3.82,3.82,1,1,4,0,6,0.0,1.91,Third Class,Fail
Chioma Musa,250501432,ICT,CSC 201,200 Level,3.28,3.28,2,0,8,0,10,0.0,1.64,Third Class,Fail
Chioma Obi,250501391,ICT,CHM 201,200 Level,2.36,2.36,1,19,4,37,61,4.0,3.18,Second Class Lower,Second Class Upper
Chioma Obi,250502786,CYBERSECURITY,MTH 201,200 Level,3.37,3.37,8,1,3,12,24,0.0,1.68,Third Class,Fail
Chioma Obi,250502998,CYBERSECURITY,CHM 201,200 Level,0.76,0.76,3,10,5,4,22,0.0,0.38,Fail,Fail
Chioma Obi,250501418,CYBERSECURITY,CSC 201,200 Level,3.53,3.53,4,19,9,0,32,0.0,1.76,Third Class,Fail
Chioma Okafor,250501107,ICT,CHM 201,200 Level,3.9,3.9,4,7,0,29,40,1.0,2.45,Third Class,Third Class
Chioma Okafor,250502862,ICT,GST 211,200 Level,1.3,1.3,2,17,7,43,69,4.0,2.65,Second Class Lower,Second Class Lower
Chioma Okonkwo,250501764,ICT,CSC 201,200 Level,0.65,0.65,10,10,4,20,44,1.0,0.82,Fail,Fail
Chioma Okoro,250502120,ICT,PHY 205,200 Level,4.5,4.5,6,6,1,32,45,2.0,3.25,Second Class Lower,Second Class Lower
Chioma Peters,250501348,ICT,GST 209,200 Level,2.19,2.19,8,17,0,35,60,4.0,3.1,Second Class Lower,Second Class Upper
Chioma Peters,250501813,COMPUTER SCIENCE,GST 211,200 Level,4.64,4.64,4,12,5,46,67,4.0,4.32,Second Class Upper,Second Class Upper
Chioma Peters,250501949,CYBERSECURITY,GST 209,200 Level,3.19,3.19,9,3,9,27,48,2.0,2.6,Second Class Lower,Third Class
Chioma Raji,250501673,CYBERSECURITY,PHY 201,200 Level,2.86,2.86,2,16,8,15,41,1.0,1.93,Third Class,Pass
Chioma Raji,250502130,CYBERSECURITY,MTH 201,200 Level,3.76,3.76,9,6,1,43,59,3.0,3.38,Second Class Lower,Second Class Lower
Chioma Raji,250502529,ICT,GST 211,200 Level,2.93,2.93,0,0,0,23,23,0.0,1.46,Pass,Fail
Chioma Raji,250501765,CYBERSECURITY,PHY 205,200 Level,3.06,3.06,5,0,6,17,28,0.0,1.53,Third Class,Fail
Chioma Raji,250501848,CYBERSECURITY,GST 211,200 Level,2.76,2.76,10,17,5,34,66,4.0,3.38,Second Class Lower,Second Class Upper
Chioma Salisu,250501118,CYBERSECURITY,GST 211,200 Level,4.52,4.52,7,12,9,35,63,4.0,4.26,Second Class Upper,Second Class Upper
Chioma Salisu,250501871,ICT,CHM 207,200 Level,1.72,1.72,6,7,5,53,71,5.0,3.36,Second Class Lower,Second Class Upper
Chioma Salisu,250502289,COMPUTER SCIENCE,MTH 223,200 Level,0.85,0.85,6,1,4,44,55,3.0,1.92,Third Class,Second Class Lower
Chioma Salisu,250502189,ICT,PHY 201,200 Level,3.69,3.69,10,2,6,7,25,0.0,1.84,Third Class,Fail
Chioma Usman,250502926,ICT,GST 211,200 Level,3.15,3.15,1,19,5,40,65,4.0,3.58,Second Class Upper,Second Class Upper
Chioma Usman,250502725,CYBERSECURITY,GST 211,200 Level,0.78,0.78,2,0,2,40,44,1.0,0.89,Fail,Fail
Chioma Usman,250502483,COMPUTER SCIENCE,CSC 201,200 Level,0.53,0.53,5,18,0,56,79,5.0,2.76,Second Class Lower,Second Class Upper
Chioma Usman,250501726,CYBERSECURITY,MTH 201,200 Level,1.13,1.13,7,19,5,9,40,1.0,1.06,Pass,Pass
Dayo Adeola,250501055,COMPUTER SCIENCE,CHM 207,200 Level,4.65,4.65,4,7,8,37,56,3.0,3.82,Second Class Upper,Second Class Lower
Dayo Adeyemi,250502843,CYBERSECURITY,MTH 223,200 Level,3.26,3.26,7,8,7,56,78,5.0,4.13,Second Class Upper,First Class
Dayo Adeyemi,250502312,ICT,PHY 201,200 Level,2.96,2.96,8,10,10,29,57,3.0,2.98,Second Class Lower,Second Class Lower
Dayo Adeyemi,250502714,CYBERSECURITY,PHY 201,200 Level,0.76,0.76,5,16,8,47,76,5.0,2.88,Second Class Lower,Second Class Upper
Dayo Babatunde,250501215,CYBERSECURITY,MTH 201,200 Level,1.57,1.57,7,12,4,16,39,0.0,0.78,Fail,Fail
Dayo Bello,250501190,ICT,PHY 205,200 Level,0.92,0.92,0,5,4,29,38,0.0,0.46,Fail,Fail
Dayo Bello,250501160,CYBERSECURITY,CHM 207,200 Level,2.16,2.16,7,17,9,37,70,5.0,3.58,Second Class Upper,Second Class Upper
Dayo Bello,250502856,ICT,PHY 205,200 Level,3.9,3.9,6,17,5,17,45,2.0,2.95,Second Class Lower,Third Class
Dayo Chukwu,250502594,ICT,CHM 207,200 Level,3.76,3.76,5,5,7,0,17,0.0,1.88,Third Class,Fail
Dayo Chukwu,250501522,ICT,GST 209,200 Level,4.86,4.86,4,0,2,38,44,1.0,2.93,Second Class Lower,Third Class
Dayo Chukwu,250501926,CYBERSECURITY,CHM 207,200 Level,1.71,1.71,7,2,1,10,20,0.0,0.86,Fail,Fail
Dayo Danladi,250501654,COMPUTER SCIENCE,PHY 205,200 Level,2.44,2.44,10,14,1,19,44,1.0,1.72,Third Class,Pass
Dayo Danladi,250502661,CYBERSECURITY,GST 211,200 Level,2.82,2.82,3,16,1,10,30,0.0,1.41,Pass,Fail
Dayo Dikko,250502857,COMPUTER SCIENCE,CSC 201,200 Level,2.57,2.57,8,15,3,42,68,4.0,3.28,Second Class Lower,Second Class Upper
Dayo Dikko,250501950,COMPUTER SCIENCE,CSC 201,200 Level,3.2,3.2,2,18,2,52,74,5.0,4.1,Second Class Upper,First Class
Dayo Dikko,250501469,CYBERSECURITY,CSC 201,200 Level,4.83,4.83,3,5,7,28,43,1.0,2.92,Second Class Lower,Third Class
Dayo Ejike,250501859,ICT,CSC 201,200 Level,0.8,0.8,5,0,2,1,8,0.0,0.4,Fail,Fail
Dayo Ejike,250501248,ICT,MTH 223,200 Level,4.84,4.84,6,17,6,35,64,4.0,4.42,Second Class Upper,Second Class Upper
Dayo Eze,250502770,COMPUTER SCIENCE,MTH 223,200 Level,2.57,2.57,0,20,8,15,43,1.0,1.78,Third Class,Pass
Dayo Eze,250501876,ICT,CSC 201,200 Level,3.72,3.72,10,5,5,57,77,5.0,4.36,Second Class Upper,First Class
Dayo Eze,250501025,COMPUTER SCIENCE,PHY 205,200 Level,4.03,4.03,1,14,6,6,27,0.0,2.02,Third Class,Fail
Dayo Fashola,250501246,ICT,MTH 223,200 Level,2.43,2.43,0,17,1,13,31,0.0,1.22,Pass,Fail
Dayo Fashola,250502070,COMPUTER SCIENCE,PHY 205,200 Level,1.83,1.83,5,3,3,48,59,3.0,2.42,Third Class,Second Class Lower
Dayo Gana,250502087,COMPUTER SCIENCE,GST 211,200 Level,1.25,1.25,7,3,2,8,20,0.0,0.62,Fail,Fail
Dayo Garba,250501825,ICT,CHM 207,200 Level,4.64,4.64,1,8,9,30,48,2.0,3.32,Second Class Lower,Second Class Lower
Dayo Garba,250501185,ICT,MTH 223,200 Level,3.47,3.47,6,3,9,48,66,4.0,3.74,Second Class Upper,Second Class Upper
Dayo Hassan,250501506,COMPUTER SCIENCE,CHM 201,200 Level,4.6,4.6,4,14,9,8,35,0.0,2.3,Third Class,Fail
Dayo Hassan,250502131,ICT,GST 211,200 Level,2.73,2.73,3,20,5,10,38,0.0,1.36,Pass,Fail
Dayo Hassan,250501017,COMPUTER SCIENCE,CHM 207,200 Level,2.86,2.86,8,0,7,49,64,4.0,3.43,Second Class Lower,Second Class Upper
Dayo Ikenna,250501567,COMPUTER SCIENCE,PHY 205,200 Level,2.47,2.47,3,5,3,23,34,0.0,1.24,Pass,Fail
Dayo Ikenna,250502091,ICT,CSC 201,200 Level,3.42,3.42,10,15,5,25,55,3.0,3.21,Second Class Lower,Second Class Lower
Dayo Ikenna,250502319,COMPUTER SCIENCE,MTH 223,200 Level,0.77,0.77,8,11,1,56,76,5.0,2.88,Second Class Lower,Second Class Upper
Dayo James,250501560,CYBERSECURITY,GST 211,200 Level,3.67,3.67,4,4,1,3,12,0.0,1.84,Third Class,Fail
Dayo James,250502456,CYBERSECURITY,PHY 201,200 Level,3.6,3.6,4,17,1,30,52,3.0,3.3,Second Class Lower,Second Class Lower
Dayo James,250502538,ICT,GST 209,200 Level,1.32,1.32,5,15,9,0,29,0.0,0.66,Fail,Fail
Dayo Kalu,250502772,CYBERSECURITY,CHM 207,200 Level,4.51,4.51,0,18,0,1,19,0.0,2.26,Third Class,Fail
Dayo Kalu,250501515,COMPUTER SCIENCE,CHM 201,200 Level,0.62,0.62,5,15,0,8,28,0.0,0.31,Fail,Fail
Dayo Kalu,250501004,COMPUTER SCIENCE,PHY 201,200 Level,1.2,1.2,9,13,4,38,64,4.0,2.6,Second Class Lower,Second Class Lower
Dayo Madu,250502647,ICT,MTH 201,200 Level,4.22,4.22,0,10,0,49,59,3.0,3.61,Second Class Upper,Second Class Lower
Dayo Musa,250502223,COMPUTER SCIENCE,GST 209,200 Level,4.75,4.75,7,3,4,44,58,3.0,3.88,Second Class Upper,Second Class Lower
Dayo Musa,250501618,CYBERSECURITY,CSC 201,200 Level,4.13,4.13,1,15,0,57,73,5.0,4.56,First Class,First Class
Dayo Nwachukwu,250501205,CYBERSECURITY,CSC 201,200 Level,0.54,0.54,10,11,3,36,60,4.0,2.27,Third Class,Second Class Lower
Dayo Nwachukwu,250501416,ICT,CHM 201,200 Level,1.82,1.82,6,17,3,33,59,3.0,2.41,Third Class,Second Class Lower
Dayo Nwosu,250502750,COMPUTER SCIENCE,GST 211,200 Level,2.91,2.91,2,1,2,54,59,3.0,2.96,Second Class Lower,Second Class Lower
Dayo Nwosu,250501853,CYBERSECURITY,GST 211,200 Level,4.54,4.54,3,3,0,37,43,1.0,2.77,Second Class Lower,Third Class
Dayo Obi,250502688,ICT,MTH 223,200 Level,3.23,3.23,5,8,5,57,75,5.0,4.12,Second Class Upper,First Class
Dayo Obi,250501706,CYBERSECURITY,CHM 207,200 Level,1.95,1.95,7,15,8,29,59,3.0,2.48,Third Class,Second Class Lower
Dayo Okafor,250501544,ICT,PHY 205,200 Level,3.28,3.28,3,8,3,60,74,5.0,4.14,Second Class Upper,First Class
Dayo Okoro,250502079,CYBERSECURITY,MTH 223,200 Level,4.77,4.77,0,17,9,46,72,5.0,4.88,First Class,First Class
Dayo Okoro,250502752,COMPUTER SCIENCE,GST 209,200 Level,0.55,0.55,0,12,10,55,77,5.0,2.78,Second Class Lower,Second Class Upper
Dayo Raji,250501672,CYBERSECURITY,GST 209,200 Level,0.86,0.86,2,16,6,4,28,0.0,0.43,Fail,Fail
Dayo Raji,250502671,ICT,GST 211,200 Level,4.45,4.45,9,3,7,0,19,0.0,2.22,Third Class,Fail
Dayo Raji,250502254,CYBERSECURITY,MTH 223,200 Level,3.59,3.59,4,17,2,54,77,5.0,4.3,Second Class Upper,First Class
Dayo Salisu,250501084,ICT,CHM 201,200 Level,1.9,1.9,1,11,5,42,59,3.0,2.45,Third Class,Second Class Lower
Dayo Usman,250501615,ICT,PHY 201,200 Level,4.64,4.64,2,19,9,33,63,4.0,4.32,Second Class Upper,Second Class Upper
Dayo Usman,250502582,CYBERSECURITY,CHM 201,200 Level,3.18,3.18,10,7,3,31,51,3.0,3.09,Second Class Lower,Second Class Lower
Dayo Usman,250501094,COMPUTER SCIENCE,PHY 205,200 Level,3.97,3.97,9,11,5,0,25,0.0,1.98,Third Class,Fail
Dayo Usman,250501539,ICT,MTH 223,200 Level,1.08,1.08,6,1,1,60,68,4.0,2.54,Second Class Lower,Second Class Lower
Dayo Usman,250502799,COMPUTER SCIENCE,GST 211,200 Level,0.55,0.55,10,6,1,49,66,4.0,2.28,Third Class,Second Class Lower
Dayo Usman,250502219,COMPUTER SCIENCE,PHY 201,200 Level,1.73,1.73,9,13,0,1,23,0.0,0.86,Fail,Fail
Dayo Usman,250502101,ICT,CHM 201,200 Level,4.86,4.86,9,3,6,26,44,1.0,2.93,Second Class Lower,Third Class
Emeka Adeola,250502775,COMPUTER SCIENCE,MTH 223,200 Level,1.92,1.92,10,12,6,7,35,0.0,0.96,Fail,Fail
Emeka Afolabi,250501710,COMPUTER SCIENCE,CSC 201,200 Level,3.92,3.92,10,12,10,19,51,3.0,3.46,Second Class Lower,Second Class Lower
Emeka Bello,250502383,COMPUTER SCIENCE,PHY 201,200 Level,1.66,1.66,2,0,9,12,23,0.0,0.83,Fail,Fail
Emeka Bello,250501492,CYBERSECURITY,GST 209,200 Level,1.75,1.75,10,5,3,1,19,0.0,0.88,Fail,Fail
Emeka Chukwu,250501547,COMPUTER SCIENCE,GST 211,200 Level,3.52,3.52,0,1,10,1,12,0.0,1.76,Third Class,Fail
Emeka Chukwu,250502936,ICT,PHY 205,200 Level,1.71,1.71,1,19,10,59,89,5.0,3.36,Second Class Lower,Second Class Upper
Emeka Danladi,250501862,ICT,CSC 201,200 Level,2.86,2.86,4,19,7,40,70,5.0,3.93,Second Class Upper,First Class
Emeka Dikko,250502330,ICT,MTH 201,200 Level,3.0,3.0,0,5,5,20,30,0.0,1.5,Third Class,Fail
Emeka Dikko,250501801,COMPUTER SCIENCE,MTH 223,200 Level,1.19,1.19,6,19,10,6,41,1.0,1.1,Pass,Pass
Emeka Dikko,250501259,ICT,GST 211,200 Level,0.94,0.94,4,8,8,7,27,0.0,0.47,Fail,Fail
Emeka Ejike,250501597,CYBERSECURITY,GST 209,200 Level,1.28,1.28,3,15,2,22,42,1.0,1.14,Pass,Pass
Emeka Ejike,250502480,COMPUTER SCIENCE,GST 209,200 Level,4.18,4.18,6,2,8,6,22,0.0,2.09,Third Class,Fail
Emeka Fashola,250501102,ICT,GST 209,200 Level,1.91,1.91,3,4,5,24,36,0.0,0.96,Fail,Fail
Emeka Fashola,250502507,ICT,MTH 223,200 Level,2.9,2.9,1,17,0,59,77,5.0,3.95,Second Class Upper,First Class
Emeka Fashola,250502459,ICT,GST 209,200 Level,3.46,3.46,1,16,0,30,47,2.0,2.73,Second Class Lower,Third Class
Emeka Gana,250502888,COMPUTER SCIENCE,MTH 223,200 Level,3.77,3.77,9,18,9,52,88,5.0,4.38,Second Class Upper,First Class
Emeka Gana,250502058,ICT,PHY 205,200 Level,2.66,2.66,10,17,4,40,71,5.0,3.83,Second Class Upper,First Class
Emeka Garba,250501593,CYBERSECURITY,MTH 223,200 Level,2.06,2.06,4,5,5,40,54,3.0,2.53,Second Class Lower,Second Class Lower
Emeka Ikenna,250501218,ICT,GST 209,200 Level,3.42,3.42,4,16,3,28,51,3.0,3.21,Second Class Lower,Second Class Lower
Emeka Ikenna,250502412,ICT,GST 209,200 Level,1.71,1.71,10,15,8,24,57,3.0,2.36,Third Class,Second Class Lower
Emeka James,250502352,ICT,CSC 201,200 Level,2.47,2.47,9,12,6,33,60,4.0,3.24,Second Class Lower,Second Class Upper
Emeka James,250501519,ICT,MTH 201,200 Level,1.18,1.18,2,6,2,11,21,0.0,0.59,Fail,Fail
Emeka Kalu,250501462,COMPUTER SCIENCE,PHY 201,200 Level,3.86,3.86,3,15,0,36,54,3.0,3.43,Second Class Lower,Second Class Lower
Emeka Kalu,250501843,ICT,GST 209,200 Level,4.82,4.82,4,20,10,0,34,0.0,2.41,Third Class,Fail
Emeka Kalu,250502226,ICT,GST 209,200 Level,2.29,2.29,6,14,0,58,78,5.0,3.64,Second Class Upper,Second Class Upper
Emeka Lawal,250502295,ICT,PHY 205,200 Level,1.4,1.4,7,15,0,50,72,5.0,3.2,Second Class Lower,Second Class Upper
Emeka Madu,250501206,ICT,PHY 205,200 Level,0.96,0.96,1,16,8,19,44,1.0,0.98,Fail,Fail
Emeka Madu,250502568,ICT,PHY 205,200 Level,3.31,3.31,4,17,0,55,76,5.0,4.16,Second Class Upper,First Class
Emeka Nwachukwu,250501878,COMPUTER SCIENCE,CSC 201,200 Level,0.62,0.62,0,15,6,29,50,3.0,1.81,Third Class,Second Class Lower
Emeka Nwachukwu,250502734,CYBERSECURITY,CHM 207,200 Level,1.09,1.09,2,20,8,45,75,5.0,3.04,Second Class Lower,Second Class Upper
Emeka Nwachukwu,250502004,CYBERSECURITY,CHM 207,200 Level,4.13,4.13,3,5,0,44,52,3.0,3.56,Second Class Upper,Second Class Lower
Emeka Nwachukwu,250501154,ICT,MTH 223,200 Level,4.94,4.94,6,12,9,16,43,1.0,2.97,Second Class Lower,Third Class
Emeka Nwosu,250502072,COMPUTER SCIENCE,GST 209,200 Level,0.69,0.69,1,6,1,6,14,0.0,0.34,Fail,Fail
Emeka Obi,250502650,CYBERSECURITY,CSC 201,200 Level,0.66,0.66,4,8,5,56,73,5.0,2.83,Second Class Lower,Second Class Upper
Emeka Obi,250502695,COMPUTER SCIENCE,PHY 201,200 Level,0.81,0.81,4,19,0,31,54,3.0,1.9,Third Class,Second Class Lower
Emeka Okafor,250501280,ICT,CHM 207,200 Level,4.51,4.51,7,13,3,26,49,2.0,3.26,Second Class Lower,Second Class Lower
Emeka Okafor,250501892,COMPUTER SCIENCE,PHY 201,200 Level,4.24,4.24,4,12,0,16,32,0.0,2.12,Third Class,Fail
Emeka Okonkwo,250501404,CYBERSECURITY,PHY 201,200 Level,1.94,1.94,2,16,3,39,60,4.0,2.97,Second Class Lower,Second Class Upper
Emeka Okonkwo,250501557,ICT,GST 209,200 Level,0.63,0.63,0,5,6,55,66,4.0,2.32,Third Class,Second Class Lower
Emeka Okonkwo,250502132,ICT,CHM 207,200 Level,0.86,0.86,4,11,8,11,34,0.0,0.43,Fail,Fail
Emeka Okonkwo,250501740,ICT,CHM 201,200 Level,2.58,2.58,8,1,6,11,26,0.0,1.29,Pass,Fail
Emeka Okoro,250501670,COMPUTER SCIENCE,GST 209,200 Level,1.28,1.28,5,12,3,12,32,0.0,0.64,Fail,Fail
Emeka Okoro,250502286,COMPUTER SCIENCE,PHY 205,200 Level,0.9,0.9,10,16,6,60,92,5.0,2.95,Second Class Lower,Second Class Upper
Emeka Okoro,250501303,ICT,MTH 201,200 Level,3.37,3.37,10,7,0,19,36,0.0,1.68,Third Class,Fail
Emeka Peters,250501573,CYBERSECURITY,PHY 205,200 Level,3.3,3.3,10,17,9,8,44,1.0,2.15,Third Class,Pass
Emeka Peters,250501958,ICT,PHY 201,200 Level,1.25,1.25,10,14,8,13,45,2.0,1.62,Third Class,Third Class
Emeka Peters,250502944,CYBERSECURITY,GST 209,200 Level,4.05,4.05,3,16,0,48,67,4.0,4.03,Second Class Upper,Second Class Upper
Emeka Raji,250502117,ICT,CHM 201,200 Level,4.45,4.45,3,9,8,43,63,4.0,4.22,Second Class Upper,Second Class Upper
Emeka Raji,250502522,CYBERSECURITY,GST 209,200 Level,2.08,2.08,3,7,5,1,16,0.0,1.04,Pass,Fail
Emeka Raji,250501629,ICT,PHY 205,200 Level,1.64,1.64,7,1,5,27,40,1.0,1.32,Pass,Pass
Emeka Salisu,250502460,COMPUTER SCIENCE,CHM 207,200 Level,2.27,2.27,9,12,0,51,72,5.0,3.64,Second Class Upper,Second Class Upper
Emeka Salisu,250502361,ICT,MTH 201,200 Level,1.45,1.45,7,18,4,36,65,4.0,2.72,Second Class Lower,Second Class Lower
Emeka Usman,250502166,CYBERSECURITY,GST 211,200 Level,4.24,4.24,2,6,1,49,58,3.0,3.62,Second Class Upper,Second Class Lower
Emeka Usman,250502505,COMPUTER SCIENCE,CHM 207,200 Level,2.29,2.29,3,3,7,28,41,1.0,1.64,Third Class,Pass
Fatima Adeyemi,250501787,COMPUTER SCIENCE,GST 209,200 Level,2.3,2.3,4,7,6,38,55,3.0,2.65,Second Class Lower,Second Class Lower
Fatima Adeyemi,250501745,COMPUTER SCIENCE,CHM 201,200 Level,4.55,4.55,7,6,1,49,63,4.0,4.28,Second Class Upper,Second Class Upper
Fatima Adeyemi,250501408,ICT,CHM 207,200 Level,4.57,4.57,5,14,2,25,46,2.0,3.28,Second Class Lower,Second Class Lower
Fatima Adeyemi,250501881,CYBERSECURITY,CSC 201,200 Level,3.52,3.52,0,13,5,18,36,0.0,1.76,Third Class,Fail
Fatima Adeyemi,250501753,ICT,MTH 201,200 Level,2.01,2.01,6,1,3,4,14,0.0,1.0,Pass,Fail
Fatima Adeyemi,250501642,ICT,PHY 201,200 Level,1.45,1.45,9,17,8,9,43,1.0,1.23,Pass,Pass
Fatima Adeyemi,250501451,ICT,CHM 207,200 Level,3.01,3.01,4,14,6,1,25,0.0,1.5,Third Class,Fail
Fatima Afolabi,250502963,COMPUTER SCIENCE,GST 209,200 Level,2.23,2.23,5,1,9,32,47,2.0,2.12,Third Class,Third Class
Fatima Afolabi,250501966,ICT,MTH 201,200 Level,3.74,3.74,6,9,4,23,42,1.0,2.37,Third Class,Third Class
Fatima Babatunde,250502138,ICT,PHY 205,200 Level,2.66,2.66,7,11,9,19,46,2.0,2.33,Third Class,Third Class
Fatima Babatunde,250501217,COMPUTER SCIENCE,PHY 205,200 Level,3.86,3.86,0,17,0,45,62,4.0,3.93,Second Class Upper,Second Class Upper
Fatima Babatunde,250501096,CYBERSECURITY,GST 209,200 Level,2.85,2.85,2,19,2,35,58,3.0,2.92,Second Class Lower,Second Class Lower
Fatima Babatunde,250502123,CYBERSECURITY,PHY 205,200 Level,4.14,4.14,3,11,8,50,72,5.0,4.57,First Class,First Class
Fatima Bello,250501367,COMPUTER SCIENCE,GST 209,200 Level,4.57,4.57,5,4,3,55,67,4.0,4.28,Second Class Upper,Second Class Upper
Fatima Bello,250502997,CYBERSECURITY,PHY 205,200 Level,0.81,0.81,1,4,5,55,65,4.0,2.41,Third Class,Second Class Lower
Fatima Bello,250502990,COMPUTER SCIENCE,MTH 201,200 Level,3.94,3.94,1,5,10,22,38,0.0,1.97,Third Class,Fail
Fatima Bello,250501070,ICT,CHM 207,200 Level,3.98,3.98,5,2,1,18,26,0.0,1.99,Third Class,Fail
Fatima Chukwu,250502447,CYBERSECURITY,GST 209,200 Level,4.27,4.27,8,6,0,9,23,0.0,2.13,Third Class,Fail
Fatima Chukwu,250501616,CYBERSECURITY,MTH 223,200 Level,0.77,0.77,2,1,6,40,49,2.0,1.38,Pass,Third Class
Fatima Chukwu,250502442,CYBERSECURITY,PHY 201,200 Level,3.53,3.53,7,11,5,18,41,1.0,2.26,Third Class,Pass
Fatima Danladi,250502916,ICT,CHM 207,200 Level,4.49,4.49,0,15,9,20,44,1.0,2.74,Second Class Lower,Third Class
Fatima Danladi,250501069,ICT,GST 209,200 Level,4.94,4.94,6,8,5,39,58,3.0,3.97,Second Class Upper,Second Class Lower
Fatima Danladi,250502294,COMPUTER SCIENCE,CSC 201,200 Level,4.1,4.1,4,12,4,23,43,1.0,2.55,Second Class Lower,Third Class
Fatima Danladi,250501073,ICT,PHY 205,200 Level,4.17,4.17,1,4,4,52,61,4.0,4.08,Second Class Upper,Second Class Upper
Fatima Dikko,250501061,CYBERSECURITY,PHY 201,200 Level,1.72,1.72,6,13,4,35,58,3.0,2.36,Third Class,Second Class Lower
Fatima Dikko,250501057,COMPUTER SCIENCE,MTH 223,200 Level,1.38,1.38,9,16,1,58,84,5.0,3.19,Second Class Lower,Second Class Upper
Fatima Dikko,250501135,ICT,GST 211,200 Level,1.95,1.95,2,16,0,28,46,2.0,1.98,Third Class,Third Class
Fatima Dikko,250502063,ICT,MTH 201,200 Level,2.38,2.38,5,11,10,38,64,4.0,3.19,Second Class Lower,Second Class Upper
Fatima Dikko,250501619,COMPUTER SCIENCE,CSC 201,200 Level,3.87,3.87,2,14,3,13,32,0.0,1.94,Third Class,Fail
Fatima Ejike,250502064,ICT,CHM 201,200 Level,2.4,2.4,10,20,0,46,76,5.0,3.7,Second Class Upper,Second Class Upper
Fatima Ejike,250501422,ICT,CSC 201,200 Level,0.91,0.91,5,4,6,19,34,0.0,0.46,Fail,Fail
Fatima Ejike,250501899,CYBERSECURITY,CHM 201,200 Level,0.88,0.88,8,20,9,36,73,5.0,2.94,Second Class Lower,Second Class Upper
Fatima Eze,250502680,CYBERSECURITY,CHM 207,200 Level,2.06,2.06,0,3,3,60,66,4.0,3.03,Second Class Lower,Second Class Upper
Fatima Eze,250502147,ICT,PHY 201,200 Level,3.46,3.46,2,16,6,34,58,3.0,3.23,Second Class Lower,Second Class Lower
Fatima Fashola,250502296,ICT,MTH 201,200 Level,1.25,1.25,0,15,10,57,82,5.0,3.12,Second Class Lower,Second Class Upper
Fatima Fashola,250502701,ICT,GST 209,200 Level,2.45,2.45,8,14,8,60,90,5.0,3.72,Second Class Upper,Second Class Upper
Fatima Gana,250502365,CYBERSECURITY,CSC 201,200 Level,1.09,1.09,6,12,1,25,44,1.0,1.04,Pass,Pass
Fatima Gana,250501394,ICT,GST 209,200 Level,2.03,2.03,9,19,0,49,77,5.0,3.51,Second Class Upper,Second Class Upper
Fatima Gana,250502210,COMPUTER SCIENCE,CHM 201,200 Level,2.42,2.42,6,9,4,25,44,1.0,1.71,Third Class,Pass
Fatima Gana,250501396,ICT,PHY 205,200 Level,4.36,4.36,7,14,4,6,31,0.0,2.18,Third Class,Fail
Fatima Gana,250502615,ICT,PHY 205,200 Level,3.51,3.51,10,6,10,0,26,0.0,1.76,Third Class,Fail
Fatima Garba,250501065,ICT,MTH 223,200 Level,2.94,2.94,1,12,3,39,55,3.0,2.97,Second Class Lower,Second Class Lower
Fatima Garba,250502781,CYBERSECURITY,GST 209,200 Level,4.56,4.56,5,0,7,38,50,3.0,3.78,Second Class Upper,Second Class Lower
Fatima Garba,250502336,COMPUTER SCIENCE,CSC 201,200 Level,1.4,1.4,1,15,4,34,54,3.0,2.2,Third Class,Second Class Lower
Fatima Hassan,250502047,ICT,GST 209,200 Level,0.61,0.61,5,5,1,60,71,5.0,2.8,Second Class Lower,Second Class Upper
Fatima Ikenna,250502896,CYBERSECURITY,CHM 201,200 Level,3.27,3.27,2,0,3,36,41,1.0,2.13,Third Class,Pass
Fatima James,250502443,CYBERSECURITY,PHY 205,200 Level,2.5,2.5,3,4,8,55,70,5.0,3.75,Second Class Upper,First Class
Fatima James,250502591,CYBERSECURITY,GST 211,200 Level,4.96,4.96,7,1,7,20,35,0.0,2.48,Third Class,Fail
Fatima James,250501535,CYBERSECURITY,MTH 201,200 Level,4.75,4.75,5,15,1,38,59,3.0,3.88,Second Class Upper,Second Class Lower
Fatima James,250501940,COMPUTER SCIENCE,CHM 201,200 Level,1.73,1.73,4,2,8,27,41,1.0,1.36,Pass,Pass
Fatima James,250502139,COMPUTER SCIENCE,CHM 201,200 Level,3.17,3.17,1,5,7,24,37,0.0,1.58,Third Class,Fail
Fatima James,250502404,COMPUTER SCIENCE,MTH 223,200 Level,3.49,3.49,2,14,8,3,27,0.0,1.74,Third Class,Fail
Fatima Kalu,250501840,COMPUTER SCIENCE,CHM 207,200 Level,0.56,0.56,7,4,4,27,42,1.0,0.78,Fail,Fail
Fatima Kalu,250501187,ICT,MTH 201,200 Level,3.0,3.0,4,7,1,36,48,2.0,2.5,Second Class Lower,Third Class
Fatima Kalu,250502140,COMPUTER SCIENCE,PHY 205,200 Level,4.21,4.21,6,4,10,11,31,0.0,2.1,Third Class,Fail
Fatima Madu,250501782,ICT,CHM 207,200 Level,1.63,1.63,7,9,9,13,38,0.0,0.82,Fail,Fail
Fatima Madu,250502078,ICT,MTH 223,200 Level,1.48,1.48,0,3,7,34,44,1.0,1.24,Pass,Pass
Fatima Musa,250502769,CYBERSECURITY,CHM 207,200 Level,2.28,2.28,4,14,1,15,34,0.0,1.14,Pass,Fail
Fatima Musa,250501249,CYBERSECURITY,GST 211,200 Level,4.34,4.34,6,12,9,16,43,1.0,2.67,Second Class Lower,Third Class
Fatima Musa,250502566,ICT,GST 211,200 Level,3.5,3.5,6,17,10,12,45,2.0,2.75,Second Class Lower,Third Class
Fatima Nwachukwu,250501015,ICT,GST 211,200 Level,1.33,1.33,9,9,10,43,71,5.0,3.16,Second Class Lower,Second Class Upper
Fatima Nwosu,250502614,COMPUTER SCIENCE,GST 211,200 Level,2.0,2.0,7,20,9,55,91,5.0,3.5,Second Class Upper,Second Class Upper
Fatima Nwosu,250501309,ICT,CSC 201,200 Level,1.72,1.72,5,16,5,9,35,0.0,0.86,Fail,Fail
Fatima Okonkwo,250502106,ICT,GST 211,200 Level,2.28,2.28,1,12,1,35,49,2.0,2.14,Third Class,Third Class
Fatima Okonkwo,250501042,ICT,GST 211,200 Level,0.65,0.65,6,12,8,19,45,2.0,1.32,Pass,Third Class
Fatima Okoro,250501778,COMPUTER SCIENCE,PHY 201,200 Level,3.74,3.74,6,20,3,3,32,0.0,1.87,Third Class,Fail
Fatima Okoro,250502300,CYBERSECURITY,PHY 205,200 Level,0.64,0.64,9,7,4,15,35,0.0,0.32,Fail,Fail
Fatima Peters,250501901,ICT,GST 211,200 Level,0.62,0.62,8,16,8,10,42,1.0,0.81,Fail,Fail
Fatima Peters,250502288,ICT,PHY 201,200 Level,0.65,0.65,3,2,3,22,30,0.0,0.32,Fail,Fail
Fatima Salisu,250501601,CYBERSECURITY,CHM 207,200 Level,1.75,1.75,10,2,4,40,56,3.0,2.38,Third Class,Second Class Lower
Fatima Salisu,250501847,CYBERSECURITY,PHY 201,200 Level,4.99,4.99,0,4,10,3,17,0.0,2.5,Second Class Lower,Pass
Fatima Salisu,250501910,COMPUTER SCIENCE,GST 209,200 Level,3.16,3.16,5,5,6,3,19,0.0,1.58,Third Class,Fail
Fatima Salisu,250501226,ICT,MTH 201,200 Level,4.88,4.88,10,14,6,24,54,3.0,3.94,Second Class Upper,Second Class Lower
Fatima Usman,250501625,ICT,GST 209,200 Level,2.16,2.16,6,13,10,25,54,3.0,2.58,Second Class Lower,Second Class Lower
Fatima Usman,250502403,COMPUTER SCIENCE,GST 209,200 Level,3.81,3.81,6,8,2,16,32,0.0,1.9,Third Class,Fail
Fatima Usman,250501093,COMPUTER SCIENCE,MTH 201,200 Level,3.03,3.03,10,6,1,54,71,5.0,4.01,Second Class Upper,First Class
Fatima Usman,250502145,COMPUTER SCIENCE,GST 211,200 Level,4.45,4.45,10,17,5,49,81,5.0,4.72,First Class,First Class
Fatima Usman,250502496,CYBERSECURITY,PHY 205,200 Level,3.29,3.29,2,19,7,41,69,4.0,3.64,Second Class Upper,Second Class Upper
Fatima Usman,250502345,CYBERSECURITY,GST 211,200 Level,2.41,2.41,2,1,3,51,57,3.0,2.7,Second Class Lower,Second Class Lower
Funke Adeola,250501450,ICT,GST 211,200 Level,4.0,4.0,9,4,5,25,43,1.0,2.5,Second Class Lower,Third Class
Funke Adeola,250501078,COMPUTER SCIENCE,PHY 201,200 Level,2.11,2.11,9,14,6,15,44,1.0,1.56,Third Class,Pass
Funke Adeola,250501751,CYBERSECURITY,GST 209,200 Level,4.73,4.73,1,18,4,9,32,0.0,2.37,Third Class,Fail
Funke Adeola,250501989,ICT,CSC 201,200 Level,4.19,4.19,4,19,3,42,68,4.0,4.1,Second Class Upper,Second Class Upper
Funke Afolabi,250501976,ICT,PHY 205,200 Level,3.18,3.18,1,18,6,42,67,4.0,3.59,Second Class Upper,Second Class Upper
Funke Afolabi,250501720,COMPUTER SCIENCE,PHY 201,200 Level,4.72,4.72,9,8,0,24,41,1.0,2.86,Second Class Lower,Third Class
Funke Afolabi,250501241,COMPUTER SCIENCE,CHM 201,200 Level,4.79,4.79,7,1,3,25,36,0.0,2.4,Third Class,Fail
Funke Afolabi,250501370,COMPUTER SCIENCE,PHY 201,200 Level,0.95,0.95,2,16,2,30,50,3.0,1.98,Third Class,Second Class Lower
Funke Babatunde,250501714,CYBERSECURITY,MTH 223,200 Level,2.07,2.07,5,10,5,36,56,3.0,2.54,Second Class Lower,Second Class Lower
Funke Babatunde,250502231,COMPUTER SCIENCE,PHY 205,200 Level,1.53,1.53,2,10,1,26,39,0.0,0.76,Fail,Fail
Funke Babatunde,250501146,ICT,GST 209,200 Level,3.24,3.24,6,11,4,10,31,0.0,1.62,Third Class,Fail
Funke Babatunde,250501668,ICT,CHM 207,200 Level,1.34,1.34,8,7,7,19,41,1.0,1.17,Pass,Pass
Funke Bello,250502152,CYBERSECURITY,CSC 201,200 Level,3.64,3.64,7,9,7,0,23,0.0,1.82,Third Class,Fail
Funke Chukwu,250501812,COMPUTER SCIENCE,PHY 205,200 Level,1.06,1.06,3,15,1,22,41,1.0,1.03,Pass,Pass
Funke Danladi,250501650,COMPUTER SCIENCE,CHM 207,200 Level,0.89,0.89,4,15,0,14,33,0.0,0.44,Fail,Fail
Funke Danladi,250502440,ICT,MTH 223,200 Level,4.86,4.86,2,3,0,37,42,1.0,2.93,Second Class Lower,Third Class
Funke Danladi,250502512,ICT,MTH 223,200 Level,4.8,4.8,8,18,0,27,53,3.0,3.9,Second Class Upper,Second Class Lower
Funke Danladi,250502835,ICT,MTH 223,200 Level,3.45,3.45,10,0,9,42,61,4.0,3.72,Second Class Upper,Second Class Upper
Funke Dikko,250501098,ICT,CHM 207,200 Level,0.61,0.61,6,5,7,36,54,3.0,1.8,Third Class,Second Class Lower
Funke Dikko,250501992,CYBERSECURITY,GST 211,200 Level,1.72,1.72,3,9,4,53,69,4.0,2.86,Second Class Lower,Second Class Upper
Funke Dikko,250502510,ICT,MTH 201,200 Level,4.16,4.16,2,13,10,58,83,5.0,4.58,First Class,First Class
Funke Dikko,250501075,ICT,CHM 207,200 Level,3.78,3.78,5,16,6,18,45,2.0,2.89,Second Class Lower,Third Class
Funke Dikko,250502646,COMPUTER SCIENCE,MTH 201,200 Level,1.07,1.07,8,17,6,19,50,3.0,2.04,Third Class,Second Class Lower
Funke Dikko,250502340,COMPUTER SCIENCE,PHY 205,200 Level,1.66,1.66,5,19,10,5,39,0.0,0.83,Fail,Fail
Funke Ejike,250502112,COMPUTER SCIENCE,PHY 205,200 Level,1.51,1.51,1,4,0,39,44,1.0,1.25,Pass,Pass
Funke Ejike,250501566,ICT,GST 211,200 Level,2.27,2.27,0,4,6,58,68,4.0,3.14,Second Class Lower,Second Class Upper
Funke Ejike,250502271,CYBERSECURITY,MTH 223,200 Level,4.37,4.37,5,20,2,54,81,5.0,4.69,First Class,First Class
Funke Ejike,250502993,ICT,CHM 207,200 Level,1.11,1.11,10,10,6,12,38,0.0,0.56,Fail,Fail
Funke Eze,250502669,CYBERSECURITY,MTH 223,200 Level,4.18,4.18,8,18,8,29,63,4.0,4.09,Second Class Upper,Second Class Upper
Funke Eze,250501127,ICT,GST 209,200 Level,4.37,4.37,3,4,7,23,37,0.0,2.18,Third Class,Fail
Funke Fashola,250502689,ICT,MTH 201,200 Level,3.94,3.94,2,14,4,30,50,3.0,3.47,Second Class Lower,Second Class Lower
Funke Fashola,250501300,ICT,PHY 201,200 Level,0.73,0.73,3,4,0,20,27,0.0,0.36,Fail,Fail
Funke Fashola,250502080,COMPUTER SCIENCE,GST 209,200 Level,4.04,4.04,10,19,3,36,68,4.0,4.02,Second Class Upper,Second Class Upper
Funke Fashola,250501662,ICT,MTH 201,200 Level,3.23,3.23,10,1,5,32,48,2.0,2.62,Second Class Lower,Third Class
Funke Gana,250501150,COMPUTER SCIENCE,CHM 201,200 Level,4.59,4.59,9,9,0,15,33,0.0,2.3,Third Class,Fail
Funke Garba,250502083,ICT,GST 209,200 Level,4.46,4.46,5,17,8,29,59,3.0,3.73,Second Class Upper,Second Class Lower
Funke Garba,250501832,COMPUTER SCIENCE,GST 209,200 Level,1.13,1.13,9,0,10,40,59,3.0,2.06,Third Class,Second Class Lower
Funke Garba,250502571,COMPUTER SCIENCE,CHM 201,200 Level,1.26,1.26,0,5,6,36,47,2.0,1.63,Third Class,Third Class
Funke Hassan,250501658,CYBERSECURITY,MTH 201,200 Level,3.41,3.41,5,11,3,33,52,3.0,3.2,Second Class Lower,Second Class Lower
Funke Hassan,250501064,CYBERSECURITY,GST 211,200 Level,1.76,1.76,7,15,4,39,65,4.0,2.88,Second Class Lower,Second Class Upper
Funke Ikenna,250501053,ICT,PHY 201,200 Level,4.53,4.53,0,10,2,9,21,0.0,2.26,Third Class,Fail
Funke Ikenna,250502923,COMPUTER SCIENCE,CHM 207,200 Level,2.1,2.1,2,6,2,30,40,1.0,1.55,Third Class,Pass
Funke Ikenna,250502200,CYBERSECURITY,GST 211,200 Level,3.91,3.91,3,6,2,3,14,0.0,1.96,Third Class,Fail
Funke Ikenna,250501431,CYBERSECURITY,MTH 201,200 Level,3.93,3.93,4,1,5,17,27,0.0,1.96,Third Class,Fail
Funke James,250501235,ICT,PHY 201,200 Level,3.75,3.75,0,14,9,20,43,1.0,2.38,Third Class,Third Class
Funke Kalu,250502374,COMPUTER SCIENCE,MTH 223,200 Level,1.61,1.61,7,1,1,52,61,4.0,2.8,Second Class Lower,Second Class Upper
Funke Lawal,250501600,COMPUTER SCIENCE,CSC 201,200 Level,1.26,1.26,0,9,1,26,36,0.0,0.63,Fail,Fail
Funke Lawal,250502236,COMPUTER SCIENCE,MTH 223,200 Level,4.39,4.39,10,8,9,0,27,0.0,2.19,Third Class,Fail
Funke Madu,250502513,ICT,GST 209,200 Level,0.58,0.58,9,1,8,59,77,5.0,2.79,Second Class Lower,Second Class Upper
Funke Madu,250502664,ICT,PHY 201,200 Level,4.96,4.96,3,6,5,37,51,3.0,3.98,Second Class Upper,Second Class Lower
Funke Musa,250501860,CYBERSECURITY,PHY 205,200 Level,3.99,3.99,7,12,5,10,34,0.0,2.0,Third Class,Fail
Funke Musa,250502968,ICT,GST 209,200 Level,2.01,2.01,6,11,9,15,41,1.0,1.5,Third Class,Pass
Funke Musa,250502275,COMPUTER SCIENCE,CSC 201,200 Level,0.97,0.97,3,11,5,14,33,0.0,0.48,Fail,Fail
Funke Musa,250501239,ICT,PHY 201,200 Level,1.3,1.3,2,16,4,54,76,5.0,3.15,Second Class Lower,Second Class Upper
Funke Nwachukwu,250501850,CYBERSECURITY,CHM 201,200 Level,0.8,0.8,8,1,10,46,65,4.0,2.4,Third Class,Second Class Lower
Funke Nwosu,250502523,CYBERSECURITY,CHM 207,200 Level,0.96,0.96,1,18,2,23,44,1.0,0.98,Fail,Fail
Funke Obi,250501152,CYBERSECURITY,GST 209,200 Level,1.15,1.15,5,14,1,12,32,0.0,0.57,Fail,Fail
Funke Obi,250501960,CYBERSECURITY,CHM 201,200 Level,0.87,0.87,3,12,10,47,72,5.0,2.94,Second Class Lower,Second Class Upper
Funke Obi,250502057,ICT,PHY 205,200 Level,2.31,2.31,8,15,2,46,71,5.0,3.66,Second Class Upper,Second Class Upper
Funke Obi,250502866,ICT,CHM 207,200 Level,0.69,0.69,9,17,5,14,45,2.0,1.34,Pass,Third Class
Funke Okafor,250502937,ICT,MTH 201,200 Level,4.21,4.21,1,2,0,2,5,0.0,2.1,Third Class,Fail
Funke Okafor,250501691,COMPUTER SCIENCE,CSC 201,200 Level,2.41,2.41,2,14,9,34,59,3.0,2.7,Second Class Lower,Second Class Lower
Funke Okafor,250501514,ICT,MTH 201,200 Level,0.7,0.7,4,2,6,3,15,0.0,0.35,Fail,Fail
Funke Okafor,250502104,COMPUTER SCIENCE,MTH 223,200 Level,4.98,4.98,2,6,4,16,28,0.0,2.49,Third Class,Fail
Funke Okafor,250502390,CYBERSECURITY,CHM 201,200 Level,1.56,1.56,6,12,1,57,76,5.0,3.28,Second Class Lower,Second Class Upper
Funke Okonkwo,250502577,ICT,CSC 201,200 Level,3.39,3.39,10,2,10,46,68,4.0,3.7,Second Class Upper,Second Class Upper
Funke Okonkwo,250502966,COMPUTER SCIENCE,PHY 201,200 Level,1.33,1.33,0,13,1,5,19,0.0,0.66,Fail,Fail
Funke Okoro,250501996,ICT,MTH 201,200 Level,4.63,4.63,7,7,2,11,27,0.0,2.32,Third Class,Fail
Funke Okoro,250502672,CYBERSECURITY,CHM 201,200 Level,4.41,4.41,3,2,6,23,34,0.0,2.2,Third Class,Fail
Funke Peters,250501388,ICT,CSC 201,200 Level,3.88,3.88,5,20,5,51,81,5.0,4.44,Second Class Upper,First Class
Funke Raji,250502874,COMPUTER SCIENCE,MTH 201,200 Level,3.8,3.8,7,8,3,52,70,5.0,4.4,Second Class Upper,First Class
Funke Raji,250502921,CYBERSECURITY,PHY 205,200 Level,0.51,0.51,5,15,8,36,64,4.0,2.26,Third Class,Second Class Lower
Funke Raji,250501570,COMPUTER SCIENCE,CHM 201,200 Level,2.81,2.81,4,3,0,32,39,0.0,1.4,Pass,Fail
Funke Salisu,250502373,ICT,CSC 201,200 Level,2.72,2.72,0,15,8,58,81,5.0,3.86,Second Class Upper,First Class
Funke Salisu,250502019,ICT,PHY 205,200 Level,0.65,0.65,3,6,1,30,40,1.0,0.82,Fail,Fail
Funke Salisu,250501809,ICT,GST 211,200 Level,1.01,1.01,3,9,4,41,57,3.0,2.0,Third Class,Second Class Lower
Funke Salisu,250501879,CYBERSECURITY,PHY 201,200 Level,1.5,1.5,7,16,8,24,55,3.0,2.25,Third Class,Second Class Lower
Funke Usman,250501499,CYBERSECURITY,MTH 201,200 Level,4.94,4.94,0,13,7,26,46,2.0,3.47,Second Class Lower,Second Class Lower
Funke Usman,250501923,COMPUTER SCIENCE,GST 211,200 Level,4.1,4.1,2,2,9,19,32,0.0,2.05,Third Class,Fail
Funke Usman,250501779,COMPUTER SCIENCE,CSC 201,200 Level,3.39,3.39,2,9,10,60,81,5.0,4.2,Second Class Upper,First Class
Gbenga Adeola,250502149,COMPUTER SCIENCE,PHY 201,200 Level,4.4,4.4,3,1,2,31,37,0.0,2.2,Third Class,Fail
Gbenga Adeola,250501413,COMPUTER SCIENCE,MTH 201,200 Level,3.08,3.08,3,7,0,4,14,0.0,1.54,Third Class,Fail
Gbenga Adeola,250502363,CYBERSECURITY,GST 209,200 Level,3.34,3.34,0,16,10,33,59,3.0,3.17,Second Class Lower,Second Class Lower
Gbenga Adeola,250502904,CYBERSECURITY,MTH 201,200 Level,3.86,3.86,9,2,0,57,68,4.0,3.93,Second Class Upper,Second Class Upper
Gbenga Adeola,250501244,CYBERSECURITY,MTH 201,200 Level,0.57,0.57,8,6,2,19,35,0.0,0.28,Fail,Fail
Gbenga Adeyemi,250501739,ICT,CHM 207,200 Level,2.2,2.2,3,11,1,15,30,0.0,1.1,Pass,Fail
Gbenga Afolabi,250502449,ICT,PHY 205,200 Level,3.57,3.57,7,6,6,13,32,0.0,1.78,Third Class,Fail
Gbenga Afolabi,250501922,ICT,MTH 201,200 Level,4.53,4.53,1,15,9,51,76,5.0,4.77,First Class,First Class
Gbenga Babatunde,250501214,CYBERSECURITY,GST 209,200 Level,3.7,3.7,4,12,3,26,45,2.0,2.85,Second Class Lower,Third Class
Gbenga Babatunde,250501626,CYBERSECURITY,GST 211,200 Level,2.58,2.58,3,2,2,35,42,1.0,1.79,Third Class,Pass
Gbenga Babatunde,250501109,ICT,GST 209,200 Level,0.85,0.85,3,11,1,32,47,2.0,1.42,Pass,Third Class
Gbenga Chukwu,250501912,COMPUTER SCIENCE,PHY 205,200 Level,3.31,3.31,5,12,9,43,69,4.0,3.66,Second Class Upper,Second Class Upper
Gbenga Chukwu,250501633,CYBERSECURITY,CHM 201,200 Level,2.89,2.89,3,10,2,11,26,0.0,1.44,Pass,Fail
Gbenga Chukwu,250502550,ICT,MTH 201,200 Level,4.78,4.78,8,8,10,58,84,5.0,4.89,First Class,First Class
Gbenga Danladi,250501951,CYBERSECURITY,CHM 201,200 Level,3.49,3.49,8,18,7,1,34,0.0,1.74,Third Class,Fail
Gbenga Danladi,250501568,COMPUTER SCIENCE,MTH 201,200 Level,4.57,4.57,0,13,7,1,21,0.0,2.28,Third Class,Fail
Gbenga Dikko,250501709,CYBERSECURITY,PHY 205,200 Level,3.57,3.57,2,3,0,10,15,0.0,1.78,Third Class,Fail
Gbenga Ejike,250502685,CYBERSECURITY,CHM 207,200 Level,4.38,4.38,0,10,7,21,38,0.0,2.19,Third Class,Fail
Gbenga Ejike,250502977,ICT,CHM 201,200 Level,2.43,2.43,8,13,4,23,48,2.0,2.22,Third Class,Third Class
Gbenga Ejike,250501770,COMPUTER SCIENCE,GST 209,200 Level,1.0,1.0,1,14,8,25,48,2.0,1.5,Third Class,Third Class
Gbenga Fashola,250501227,COMPUTER SCIENCE,CHM 207,200 Level,2.27,2.27,8,12,7,1,28,0.0,1.14,Pass,Fail
Gbenga Gana,250502578,ICT,MTH 201,200 Level,3.23,3.23,1,14,9,57,81,5.0,4.12,Second Class Upper,First Class
Gbenga Gana,250501627,ICT,MTH 223,200 Level,3.86,3.86,2,19,4,47,72,5.0,4.43,Second Class Upper,First Class
Gbenga Gana,250501647,ICT,GST 211,200 Level,3.56,3.56,7,17,0,38,62,4.0,3.78,Second Class Upper,Second Class Upper
Gbenga Gana,250501243,ICT,CHM 207,200 Level,2.17,2.17,5,16,7,38,66,4.0,3.08,Second Class Lower,Second Class Upper
Gbenga Gana,250501202,COMPUTER SCIENCE,MTH 223,200 Level,1.23,1.23,5,2,4,32,43,1.0,1.12,Pass,Pass
Gbenga Garba,250502358,CYBERSECURITY,GST 211,200 Level,1.75,1.75,10,20,8,5,43,1.0,1.38,Pass,Pass
Gbenga Hassan,250502719,ICT,CHM 201,200 Level,1.58,1.58,0,2,9,54,65,4.0,2.79,Second Class Lower,Second Class Upper
Gbenga Hassan,250502052,CYBERSECURITY,GST 209,200 Level,4.73,4.73,0,16,4,37,57,3.0,3.86,Second Class Upper,Second Class Lower
Gbenga Ikenna,250502784,CYBERSECURITY,MTH 223,200 Level,3.47,3.47,7,12,0,29,48,2.0,2.74,Second Class Lower,Third Class
Gbenga Ikenna,250501886,ICT,CHM 207,200 Level,3.44,3.44,3,16,8,2,29,0.0,1.72,Third Class,Fail
Gbenga Ikenna,250501824,ICT,MTH 201,200 Level,2.92,2.92,7,11,4,12,34,0.0,1.46,Pass,Fail
Gbenga James,250501721,ICT,GST 211,200 Level,1.32,1.32,4,6,7,2,19,0.0,0.66,Fail,Fail
Gbenga James,250502448,ICT,GST 209,200 Level,4.75,4.75,8,1,1,37,47,2.0,3.38,Second Class Lower,Second Class Lower
Gbenga Kalu,250502625,COMPUTER SCIENCE,MTH 223,200 Level,3.61,3.61,1,8,8,41,58,3.0,3.3,Second Class Lower,Second Class Lower
Gbenga Kalu,250501639,ICT,MTH 201,200 Level,2.2,2.2,5,1,5,36,47,2.0,2.1,Third Class,Third Class
Gbenga Kalu,250501386,COMPUTER SCIENCE,PHY 205,200 Level,1.77,1.77,6,1,9,14,30,0.0,0.88,Fail,Fail
Gbenga Lawal,250502360,CYBERSECURITY,PHY 201,200 Level,4.61,4.61,2,0,10,8,20,0.0,2.31,Third Class,Fail
Gbenga Lawal,250501550,CYBERSECURITY,MTH 201,200 Level,2.84,2.84,2,11,8,19,40,1.0,1.92,Third Class,Pass
Gbenga Lawal,250501079,CYBERSECURITY,PHY 201,200 Level,1.02,1.02,4,20,6,7,37,0.0,0.51,Fail,Fail
Gbenga Lawal,250501022,COMPUTER SCIENCE,MTH 201,200 Level,1.81,1.81,10,7,6,22,45,2.0,1.9,Third Class,Third Class
Gbenga Madu,250501103,COMPUTER SCIENCE,PHY 201,200 Level,2.79,2.79,3,19,4,6,32,0.0,1.4,Pass,Fail
Gbenga Madu,250502763,CYBERSECURITY,MTH 201,200 Level,2.7,2.7,0,4,5,20,29,0.0,1.35,Pass,Fail
Gbenga Madu,250501379,CYBERSECURITY,CHM 201,200 Level,1.77,1.77,7,17,6,2,32,0.0,0.88,Fail,Fail
Gbenga Madu,250501427,COMPUTER SCIENCE,GST 209,200 Level,4.49,4.49,0,5,6,3,14,0.0,2.24,Third Class,Fail
Gbenga Madu,250502599,COMPUTER SCIENCE,CHM 207,200 Level,4.52,4.52,7,4,1,24,36,0.0,2.26,Third Class,Fail
Gbenga Madu,250501875,CYBERSECURITY,GST 211,200 Level,1.2,1.2,4,13,4,41,62,4.0,2.6,Second Class Lower,Second Class Lower
Gbenga Nwachukwu,250502433,COMPUTER SCIENCE,MTH 201,200 Level,3.5,3.5,3,8,7,54,72,5.0,4.25,Second Class Upper,First Class
Gbenga Nwachukwu,250501571,CYBERSECURITY,MTH 223,200 Level,4.03,4.03,7,5,6,57,75,5.0,4.52,First Class,First Class
Gbenga Nwachukwu,250501855,ICT,PHY 205,200 Level,1.36,1.36,1,3,6,44,54,3.0,2.18,Third Class,Second Class Lower
Gbenga Nwosu,250502272,CYBERSECURITY,CHM 201,200 Level,4.01,4.01,3,13,9,2,27,0.0,2.0,Third Class,Fail
Gbenga Nwosu,250501993,COMPUTER SCIENCE,PHY 205,200 Level,3.16,3.16,2,0,3,32,37,0.0,1.58,Third Class,Fail
Gbenga Obi,250501468,ICT,CHM 201,200 Level,1.51,1.51,7,16,2,27,52,3.0,2.26,Third Class,Second Class Lower
Gbenga Obi,250502393,CYBERSECURITY,GST 209,200 Level,2.84,2.84,5,5,8,25,43,1.0,1.92,Third Class,Pass
Gbenga Obi,250501854,ICT,MTH 201,200 Level,1.42,1.42,3,12,4,11,30,0.0,0.71,Fail,Fail
Gbenga Obi,250501948,COMPUTER SCIENCE,GST 209,200 Level,4.43,4.43,3,6,7,57,73,5.0,4.72,First Class,First Class
Gbenga Okafor,250501700,CYBERSECURITY,MTH 201,200 Level,2.9,2.9,7,4,5,20,36,0.0,1.45,Pass,Fail
Gbenga Okafor,250502675,COMPUTER SCIENCE,MTH 223,200 Level,1.87,1.87,6,9,1,21,37,0.0,0.94,Fail,Fail
Gbenga Okonkwo,250501678,COMPUTER SCIENCE,PHY 205,200 Level,4.86,4.86,9,15,0,22,46,2.0,3.43,Second Class Lower,Second Class Lower
Gbenga Okoro,250502958,ICT,MTH 201,200 Level,3.36,3.36,5,8,9,54,76,5.0,4.18,Second Class Upper,First Class
Gbenga Okoro,250502956,ICT,GST 209,200 Level,3.39,3.39,4,1,8,48,61,4.0,3.7,Second Class Upper,Second Class Upper
Gbenga Okoro,250501657,ICT,CHM 201,200 Level,2.13,2.13,10,9,1,40,60,4.0,3.06,Second Class Lower,Second Class Upper
Gbenga Okoro,250501091,CYBERSECURITY,CHM 201,200 Level,3.71,3.71,7,1,0,6,14,0.0,1.86,Third Class,Fail
Gbenga Okoro,250502344,CYBERSECURITY,MTH 223,200 Level,3.84,3.84,4,8,6,31,49,2.0,2.92,Second Class Lower,Third Class
Gbenga Peters,250502392,CYBERSECURITY,MTH 223,200 Level,1.26,1.26,7,20,1,23,51,3.0,2.13,Third Class,Second Class Lower
Gbenga Raji,250501975,COMPUTER SCIENCE,GST 209,200 Level,1.68,1.68,8,6,1,31,46,2.0,1.84,Third Class,Third Class
Gbenga Raji,250501785,CYBERSECURITY,GST 211,200 Level,4.59,4.59,5,18,0,46,69,4.0,4.3,Second Class Upper,Second Class Upper
Gbenga Raji,250501032,ICT,MTH 223,200 Level,0.79,0.79,9,15,2,19,45,2.0,1.4,Pass,Third Class
Gbenga Raji,250501257,ICT,CHM 207,200 Level,3.63,3.63,8,19,6,28,61,4.0,3.82,Second Class Upper,Second Class Upper
Gbenga Salisu,250501867,COMPUTER SCIENCE,GST 209,200 Level,1.32,1.32,0,15,8,46,69,4.0,2.66,Second Class Lower,Second Class Lower
Gbenga Salisu,250502748,CYBERSECURITY,GST 211,200 Level,3.92,3.92,1,11,3,25,40,1.0,2.46,Third Class,Third Class
Gbenga Usman,250501905,CYBERSECURITY,CSC 201,200 Level,4.52,4.52,1,12,8,46,67,4.0,4.26,Second Class Upper,Second Class Upper
Gbenga Usman,250502142,CYBERSECURITY,GST 209,200 Level,3.55,3.55,10,11,1,24,46,2.0,2.78,Second Class Lower,Third Class
Hauwa Adeola,250501124,ICT,MTH 223,200 Level,1.53,1.53,2,1,1,41,45,2.0,1.76,Third Class,Third Class
Hauwa Adeyemi,250501533,COMPUTER SCIENCE,CHM 207,200 Level,3.0,3.0,10,7,1,50,68,4.0,3.5,Second Class Upper,Second Class Upper
Hauwa Bello,250501133,ICT,MTH 201,200 Level,2.02,2.02,2,11,1,10,24,0.0,1.01,Pass,Fail
Hauwa Bello,250502631,ICT,PHY 201,200 Level,2.06,2.06,10,1,9,42,62,4.0,3.03,Second Class Lower,Second Class Upper
Hauwa Bello,250501577,ICT,PHY 201,200 Level,4.67,4.67,9,4,5,38,56,3.0,3.84,Second Class Upper,Second Class Lower
Hauwa Chukwu,250502682,ICT,CHM 207,200 Level,3.38,3.38,9,16,10,29,64,4.0,3.69,Second Class Upper,Second Class Upper
Hauwa Chukwu,250501538,CYBERSECURITY,CSC 201,200 Level,2.53,2.53,7,12,0,36,55,3.0,2.76,Second Class Lower,Second Class Lower
Hauwa Chukwu,250501365,CYBERSECURITY,CHM 201,200 Level,2.24,2.24,4,18,1,40,63,4.0,3.12,Second Class Lower,Second Class Upper
Hauwa Chukwu,250501584,COMPUTER SCIENCE,PHY 201,200 Level,3.35,3.35,1,10,3,59,73,5.0,4.18,Second Class Upper,First Class
Hauwa Danladi,250502077,ICT,CSC 201,200 Level,3.56,3.56,10,18,5,14,47,2.0,2.78,Second Class Lower,Third Class
Hauwa Dikko,250502686,CYBERSECURITY,MTH 201,200 Level,4.65,4.65,4,20,7,9,40,1.0,2.82,Second Class Lower,Third Class
Hauwa Dikko,250501509,COMPUTER SCIENCE,GST 211,200 Level,3.77,3.77,8,16,1,18,43,1.0,2.38,Third Class,Third Class
Hauwa Ejike,250502357,ICT,MTH 223,200 Level,2.4,2.4,2,2,4,14,22,0.0,1.2,Pass,Fail
Hauwa Ejike,250502865,COMPUTER SCIENCE,PHY 201,200 Level,4.72,4.72,3,16,7,39,65,4.0,4.36,Second Class Upper,Second Class Upper
Hauwa Ejike,250501343,CYBERSECURITY,CHM 207,200 Level,2.45,2.45,4,7,5,34,50,3.0,2.72,Second Class Lower,Second Class Lower
Hauwa Eze,250501223,COMPUTER SCIENCE,CHM 201,200 Level,2.15,2.15,2,3,4,16,25,0.0,1.08,Pass,Fail
Hauwa Eze,250502846,ICT,CHM 207,200 Level,1.05,1.05,9,13,0,25,47,2.0,1.52,Third Class,Third Class
Hauwa Eze,250502842,CYBERSECURITY,CHM 201,200 Level,2.48,2.48,3,5,8,54,70,5.0,3.74,Second Class Upper,Second Class Upper
Hauwa Gana,250502677,ICT,PHY 205,200 Level,2.31,2.31,4,7,5,16,32,0.0,1.16,Pass,Fail
Hauwa Gana,250502211,ICT,CHM 201,200 Level,2.53,2.53,6,10,4,16,36,0.0,1.26,Pass,Fail
Hauwa Gana,250501262,COMPUTER SCIENCE,PHY 201,200 Level,1.13,1.13,0,11,2,24,37,0.0,0.56,Fail,Fail
Hauwa Gana,250502498,ICT,CSC 201,200 Level,2.21,2.21,10,9,10,48,77,5.0,3.6,Second Class Upper,Second Class Upper
Hauwa Gana,250502951,COMPUTER SCIENCE,CSC 201,200 Level,1.49,1.49,0,11,7,43,61,4.0,2.74,Second Class Lower,Second Class Lower
Hauwa Garba,250501371,ICT,CHM 201,200 Level,0.58,0.58,3,14,6,54,77,5.0,2.79,Second Class Lower,Second Class Upper
Hauwa Garba,250502679,CYBERSECURITY,GST 211,200 Level,3.63,3.63,9,0,2,27,38,0.0,1.82,Third Class,Fail
Hauwa Garba,250502663,ICT,PHY 201,200 Level,2.74,2.74,0,10,10,19,39,0.0,1.37,Pass,Fail
Hauwa Garba,250502274,COMPUTER SCIENCE,MTH 201,200 Level,2.66,2.66,2,12,2,42,58,3.0,2.83,Second Class Lower,Second Class Lower
Hauwa Ikenna,250502384,CYBERSECURITY,MTH 201,200 Level,3.46,3.46,10,1,4,42,57,3.0,3.23,Second Class Lower,Second Class Lower
Hauwa Ikenna,250502399,CYBERSECURITY,CHM 201,200 Level,3.68,3.68,7,9,0,43,59,3.0,3.34,Second Class Lower,Second Class Lower
Hauwa Ikenna,250501482,COMPUTER SCIENCE,PHY 201,200 Level,2.55,2.55,9,16,0,31,56,3.0,2.78,Second Class Lower,Second Class Lower
Hauwa James,250501635,COMPUTER SCIENCE,MTH 223,200 Level,2.51,2.51,0,20,3,50,73,5.0,3.76,Second Class Upper,First Class
Hauwa James,250502942,ICT,MTH 223,200 Level,4.03,4.03,5,13,6,18,42,1.0,2.52,Second Class Lower,Third Class
Hauwa James,250501269,CYBERSECURITY,MTH 201,200 Level,1.82,1.82,5,0,5,9,19,0.0,0.91,Fail,Fail
Hauwa James,250501237,COMPUTER SCIENCE,CHM 207,200 Level,0.61,0.61,1,6,0,53,60,4.0,2.31,Third Class,Second Class Lower
Hauwa James,250502627,COMPUTER SCIENCE,GST 209,200 Level,2.91,2.91,4,7,2,2,15,0.0,1.46,Pass,Fail
Hauwa Kalu,250501666,ICT,GST 209,200 Level,1.61,1.61,7,14,2,9,32,0.0,0.8,Fail,Fail
Hauwa Lawal,250502758,ICT,PHY 201,200 Level,0.99,0.99,9,18,4,36,67,4.0,2.5,Second Class Lower,Second Class Lower
Hauwa Madu,250502911,ICT,GST 211,200 Level,4.44,4.44,7,20,10,32,69,4.0,4.22,Second Class Upper,Second Class Upper
Hauwa Musa,250501290,CYBERSECURITY,MTH 201,200 Level,0.64,0.64,5,6,1,47,59,3.0,1.82,Third Class,Second Class Lower
Hauwa Musa,250501608,CYBERSECURITY,PHY 201,200 Level,2.77,2.77,8,8,2,48,66,4.0,3.38,Second Class Lower,Second Class Upper
Hauwa Musa,250501189,ICT,CHM 201,200 Level,1.59,1.59,2,5,1,27,35,0.0,0.8,Fail,Fail
Hauwa Musa,250502579,COMPUTER SCIENCE,CSC 201,200 Level,2.96,2.96,2,12,1,4,19,0.0,1.48,Pass,Fail
Hauwa Nwachukwu,250501722,COMPUTER SCIENCE,MTH 201,200 Level,0.8,0.8,1,18,4,8,31,0.0,0.4,Fail,Fail
Hauwa Nwosu,250501433,CYBERSECURITY,MTH 201,200 Level,0.96,0.96,10,7,4,29,50,3.0,1.98,Third Class,Second Class Lower
Hauwa Nwosu,250502562,CYBERSECURITY,GST 211,200 Level,4.01,4.01,9,15,5,5,34,0.0,2.0,Third Class,Fail
Hauwa Nwosu,250502985,COMPUTER SCIENCE,GST 211,200 Level,0.86,0.86,3,18,9,51,81,5.0,2.93,Second Class Lower,Second Class Upper
Hauwa Okafor,250501985,COMPUTER SCIENCE,GST 209,200 Level,2.73,2.73,6,10,4,15,35,0.0,1.36,Pass,Fail
Hauwa Okafor,250501304,CYBERSECURITY,GST 211,200 Level,3.77,3.77,6,8,10,10,34,0.0,1.88,Third Class,Fail
Hauwa Okafor,250501877,ICT,MTH 201,200 Level,3.47,3.47,4,11,6,17,38,0.0,1.74,Third Class,Fail
Hauwa Okafor,250501459,CYBERSECURITY,MTH 201,200 Level,1.03,1.03,1,5,5,34,45,2.0,1.52,Third Class,Third Class
Hauwa Okonkwo,250501006,ICT,CHM 201,200 Level,0.76,0.76,9,10,8,49,76,5.0,2.88,Second Class Lower,Second Class Upper
Hauwa Okonkwo,250502118,COMPUTER SCIENCE,GST 211,200 Level,1.7,1.7,0,4,8,45,57,3.0,2.35,Third Class,Second Class Lower
Hauwa Okonkwo,250502789,ICT,MTH 201,200 Level,2.83,2.83,2,5,4,8,19,0.0,1.42,Pass,Fail
Hauwa Okoro,250501987,COMPUTER SCIENCE,GST 211,200 Level,2.46,2.46,8,5,8,52,73,5.0,3.73,Second Class Upper,Second Class Upper
Hauwa Peters,250502612,CYBERSECURITY,GST 209,200 Level,2.9,2.9,8,1,8,48,65,4.0,3.45,Second Class Lower,Second Class Upper
Hauwa Peters,250501327,COMPUTER SCIENCE,MTH 223,200 Level,3.25,3.25,3,10,6,49,68,4.0,3.62,Second Class Upper,Second Class Upper
Hauwa Peters,250501448,COMPUTER SCIENCE,CSC 201,200 Level,2.19,2.19,9,0,2,23,34,0.0,1.1,Pass,Fail
Hauwa Raji,250501844,COMPUTER SCIENCE,MTH 223,200 Level,1.17,1.17,8,9,5,40,62,4.0,2.58,Second Class Lower,Second Class Lower
Hauwa Raji,250501890,COMPUTER SCIENCE,GST 211,200 Level,3.75,3.75,9,1,9,16,35,0.0,1.88,Third Class,Fail
Hauwa Raji,250502967,COMPUTER SCIENCE,MTH 201,200 Level,2.13,2.13,3,2,5,30,40,1.0,1.56,Third Class,Pass
Hauwa Salisu,250502414,ICT,PHY 205,200 Level,2.89,2.89,10,2,2,2,16,0.0,1.44,Pass,Fail
Hauwa Salisu,250501274,COMPUTER SCIENCE,PHY 205,200 Level,2.8,2.8,10,15,1,26,52,3.0,2.9,Second Class Lower,Second Class Lower
Hauwa Salisu,250502736,ICT,CSC 201,200 Level,2.52,2.52,7,11,1,34,53,3.0,2.76,Second Class Lower,Second Class Lower
Hauwa Usman,250502778,COMPUTER SCIENCE,GST 209,200 Level,1.65,1.65,10,6,5,12,33,0.0,0.82,Fail,Fail
Ibrahim Adeola,250501149,ICT,GST 209,200 Level,1.75,1.75,1,14,3,60,78,5.0,3.38,Second Class Lower,Second Class Upper
Ibrahim Adeyemi,250501927,COMPUTER SCIENCE,MTH 223,200 Level,2.94,2.94,5,0,5,12,22,0.0,1.47,Pass,Fail
Ibrahim Adeyemi,250502370,ICT,MTH 201,200 Level,4.87,4.87,5,16,2,50,73,5.0,4.94,First Class,First Class
Ibrahim Adeyemi,250501656,CYBERSECURITY,MTH 201,200 Level,1.78,1.78,1,15,3,22,41,1.0,1.39,Pass,Pass
Ibrahim Afolabi,250502151,ICT,PHY 205,200 Level,4.27,4.27,5,5,8,13,31,0.0,2.13,Third Class,Fail
Ibrahim Afolabi,250502889,ICT,GST 211,200 Level,4.96,4.96,6,19,9,57,91,5.0,4.98,First Class,First Class
Ibrahim Babatunde,250502996,ICT,CHM 207,200 Level,4.8,4.8,4,6,10,32,52,3.0,3.9,Second Class Upper,Second Class Lower
Ibrahim Babatunde,250502847,ICT,PHY 201,200 Level,1.39,1.39,4,0,8,3,15,0.0,0.7,Fail,Fail
Ibrahim Babatunde,250502164,COMPUTER SCIENCE,MTH 201,200 Level,1.22,1.22,4,20,1,53,78,5.0,3.11,Second Class Lower,Second Class Upper
Ibrahim Babatunde,250501789,CYBERSECURITY,CHM 207,200 Level,4.76,4.76,0,10,1,18,29,0.0,2.38,Third Class,Fail
Ibrahim Chukwu,250502088,ICT,MTH 223,200 Level,4.96,4.96,10,4,2,57,73,5.0,4.98,First Class,First Class
Ibrahim Chukwu,250501364,COMPUTER SCIENCE,PHY 201,200 Level,4.74,4.74,7,9,2,17,35,0.0,2.37,Third Class,Fail
Ibrahim Danladi,250502487,ICT,GST 209,200 Level,3.63,3.63,5,18,2,10,35,0.0,1.82,Third Class,Fail
Ibrahim Danladi,250501307,CYBERSECURITY,CHM 207,200 Level,1.95,1.95,3,18,2,33,56,3.0,2.48,Third Class,Second Class Lower
Ibrahim Dikko,250502159,CYBERSECURITY,PHY 201,200 Level,0.63,0.63,6,8,0,40,54,3.0,1.82,Third Class,Second Class Lower
Ibrahim Ejike,250502060,ICT,CHM 207,200 Level,4.43,4.43,5,19,9,2,35,0.0,2.22,Third Class,Fail
Ibrahim Ejike,250501607,CYBERSECURITY,PHY 205,200 Level,2.14,2.14,4,16,9,60,89,5.0,3.57,Second Class Upper,Second Class Upper
Ibrahim Ejike,250502438,COMPUTER SCIENCE,MTH 201,200 Level,1.41,1.41,6,9,1,14,30,0.0,0.7,Fail,Fail
Ibrahim Ejike,250502491,ICT,MTH 201,200 Level,2.18,2.18,2,7,3,21,33,0.0,1.09,Pass,Fail
Ibrahim Eze,250501653,CYBERSECURITY,MTH 223,200 Level,3.85,3.85,2,10,8,60,80,5.0,4.42,Second Class Upper,First Class
Ibrahim Eze,250501605,ICT,GST 211,200 Level,2.57,2.57,3,0,5,8,16,0.0,1.28,Pass,Fail
Ibrahim Eze,250502484,ICT,MTH 201,200 Level,1.96,1.96,3,5,2,14,24,0.0,0.98,Fail,Fail
Ibrahim Fashola,250502708,COMPUTER SCIENCE,MTH 201,200 Level,3.29,3.29,0,8,4,26,38,0.0,1.64,Third Class,Fail
Ibrahim Fashola,250501099,ICT,MTH 201,200 Level,0.99,0.99,4,9,7,51,71,5.0,3.0,Second Class Lower,Second Class Upper
Ibrahim Fashola,250502318,ICT,PHY 205,200 Level,0.87,0.87,0,12,6,42,60,4.0,2.44,Third Class,Second Class Lower
Ibrahim Gana,250502836,COMPUTER SCIENCE,PHY 201,200 Level,1.08,1.08,1,10,5,35,51,3.0,2.04,Third Class,Second Class Lower
Ibrahim Gana,250502851,CYBERSECURITY,MTH 201,200 Level,4.17,4.17,0,8,8,0,16,0.0,2.08,Third Class,Fail
Ibrahim Gana,250502155,ICT,CHM 207,200 Level,3.89,3.89,1,13,10,58,82,5.0,4.44,Second Class Upper,First Class
Ibrahim Garba,250501176,CYBERSECURITY,PHY 205,200 Level,3.61,3.61,0,12,8,42,62,4.0,3.8,Second Class Upper,Second Class Upper
Ibrahim Ikenna,250501283,ICT,PHY 201,200 Level,0.92,0.92,10,11,8,23,52,3.0,1.96,Third Class,Second Class Lower
Ibrahim Ikenna,250502252,CYBERSECURITY,CHM 207,200 Level,1.03,1.03,6,4,2,13,25,0.0,0.52,Fail,Fail
Ibrahim Ikenna,250502600,CYBERSECURITY,PHY 205,200 Level,1.36,1.36,2,13,5,25,45,2.0,1.68,Third Class,Third Class
Ibrahim Ikenna,250501147,CYBERSECURITY,CHM 201,200 Level,2.76,2.76,8,7,9,28,52,3.0,2.88,Second Class Lower,Second Class Lower
Ibrahim Ikenna,250502930,COMPUTER SCIENCE,GST 209,200 Level,3.11,3.11,10,13,6,23,52,3.0,3.06,Second Class Lower,Second Class Lower
Ibrahim James,250501961,CYBERSECURITY,PHY 201,200 Level,3.21,3.21,9,10,0,19,38,0.0,1.6,Third Class,Fail
Ibrahim James,250502552,COMPUTER SCIENCE,MTH 223,200 Level,4.19,4.19,10,2,1,35,48,2.0,3.1,Second Class Lower,Third Class
Ibrahim James,250502875,CYBERSECURITY,PHY 201,200 Level,2.94,2.94,7,13,3,3,26,0.0,1.47,Pass,Fail
Ibrahim James,250502283,CYBERSECURITY,PHY 201,200 Level,0.54,0.54,10,0,2,8,20,0.0,0.27,Fail,Fail
Ibrahim Kalu,250502233,ICT,GST 209,200 Level,0.64,0.64,0,17,5,8,30,0.0,0.32,Fail,Fail
Ibrahim Kalu,250502602,CYBERSECURITY,MTH 223,200 Level,1.52,1.52,0,20,2,58,80,5.0,3.26,Second Class Lower,Second Class Upper
Ibrahim Kalu,250502114,ICT,CSC 201,200 Level,3.17,3.17,7,4,1,44,56,3.0,3.08,Second Class Lower,Second Class Lower
Ibrahim Kalu,250501574,COMPUTER SCIENCE,MTH 201,200 Level,4.38,4.38,2,14,4,27,47,2.0,3.19,Second Class Lower,Third Class
Ibrahim Lawal,250501131,ICT,CHM 207,200 Level,1.5,1.5,1,13,0,33,47,2.0,1.75,Third Class,Third Class
Ibrahim Lawal,250501962,ICT,CHM 207,200 Level,1.6,1.6,9,18,9,14,50,3.0,2.3,Third Class,Second Class Lower
Ibrahim Lawal,250501016,CYBERSECURITY,CSC 201,200 Level,1.87,1.87,10,18,5,33,66,4.0,2.94,Second Class Lower,Second Class Upper
Ibrahim Madu,250502533,COMPUTER SCIENCE,CSC 201,200 Level,1.73,1.73,0,2,9,29,40,1.0,1.36,Pass,Pass
Ibrahim Madu,250501288,CYBERSECURITY,PHY 205,200 Level,1.79,1.79,7,18,8,29,62,4.0,2.9,Second Class Lower,Second Class Upper
Ibrahim Musa,250502180,CYBERSECURITY,CSC 201,200 Level,4.83,4.83,1,18,2,43,64,4.0,4.42,Second Class Upper,Second Class Upper
Ibrahim Musa,250501681,COMPUTER SCIENCE,CHM 201,200 Level,1.66,1.66,10,11,5,42,68,4.0,2.83,Second Class Lower,Second Class Upper
Ibrahim Nwachukwu,250502905,ICT,GST 209,200 Level,1.41,1.41,6,10,3,25,44,1.0,1.2,Pass,Pass
Ibrahim Nwachukwu,250502633,ICT,MTH 201,200 Level,4.08,4.08,8,10,0,49,67,4.0,4.04,Second Class Upper,Second Class Upper
Ibrahim Nwachukwu,250501630,ICT,MTH 201,200 Level,3.71,3.71,2,9,3,3,17,0.0,1.86,Third Class,Fail
Ibrahim Nwosu,250501220,CYBERSECURITY,MTH 201,200 Level,3.46,3.46,3,19,9,36,67,4.0,3.73,Second Class Upper,Second Class Upper
Ibrahim Nwosu,250501661,CYBERSECURITY,MTH 201,200 Level,4.94,4.94,5,6,9,47,67,4.0,4.47,Second Class Upper,Second Class Upper
Ibrahim Obi,250501221,CYBERSECURITY,CHM 201,200 Level,3.06,3.06,1,12,4,25,42,1.0,2.03,Third Class,Pass
Ibrahim Obi,250502424,CYBERSECURITY,MTH 223,200 Level,4.94,4.94,0,3,1,26,30,0.0,2.47,Third Class,Fail
Ibrahim Obi,250502954,CYBERSECURITY,PHY 205,200 Level,4.99,4.99,10,3,5,12,30,0.0,2.5,Second Class Lower,Pass
Ibrahim Obi,250501412,COMPUTER SCIENCE,CSC 201,200 Level,4.78,4.78,10,2,7,41,60,4.0,4.39,Second Class Upper,Second Class Upper
Ibrahim Okafor,250502524,COMPUTER SCIENCE,PHY 201,200 Level,2.69,2.69,8,19,3,13,43,1.0,1.84,Third Class,Pass
Ibrahim Okafor,250502603,ICT,PHY 201,200 Level,2.1,2.1,8,20,8,27,63,4.0,3.05,Second Class Lower,Second Class Upper
Ibrahim Okafor,250502468,CYBERSECURITY,GST 211,200 Level,4.42,4.42,2,17,9,44,72,5.0,4.71,First Class,First Class
Ibrahim Okonkwo,250502642,ICT,CSC 201,200 Level,2.84,2.84,6,0,2,16,24,0.0,1.42,Pass,Fail
Ibrahim Okonkwo,250502959,ICT,CHM 207,200 Level,4.04,4.04,10,14,6,50,80,5.0,4.52,First Class,First Class
Ibrahim Peters,250502511,CYBERSECURITY,PHY 201,200 Level,3.73,3.73,9,10,3,30,52,3.0,3.36,Second Class Lower,Second Class Lower
Ibrahim Raji,250501916,COMPUTER SCIENCE,CHM 201,200 Level,1.83,1.83,1,19,2,29,51,3.0,2.42,Third Class,Second Class Lower
Ibrahim Raji,250502900,CYBERSECURITY,PHY 205,200 Level,2.99,2.99,10,11,1,32,54,3.0,3.0,Second Class Lower,Second Class Lower
Ibrahim Salisu,250501066,CYBERSECURITY,PHY 205,200 Level,1.13,1.13,9,14,7,53,83,5.0,3.06,Second Class Lower,Second Class Upper
Isioma Adeola,250501163,COMPUTER SCIENCE,CSC 201,200 Level,2.91,2.91,0,8,4,36,48,2.0,2.46,Third Class,Third Class
Isioma Adeyemi,250501768,ICT,CSC 201,200 Level,2.04,2.04,0,3,9,9,21,0.0,1.02,Pass,Fail
Isioma Adeyemi,250502012,CYBERSECURITY,CHM 201,200 Level,4.75,4.75,3,20,4,45,72,5.0,4.88,First Class,First Class
Isioma Afolabi,250501112,ICT,MTH 201,200 Level,4.68,4.68,7,13,3,23,46,2.0,3.34,Second Class Lower,Second Class Lower
Isioma Afolabi,250502040,COMPUTER SCIENCE,PHY 201,200 Level,2.93,2.93,10,13,0,24,47,2.0,2.46,Third Class,Third Class
Isioma Afolabi,250501746,CYBERSECURITY,CHM 201,200 Level,2.23,2.23,4,3,1,12,20,0.0,1.12,Pass,Fail
Isioma Afolabi,250501200,ICT,CSC 201,200 Level,3.39,3.39,5,5,8,27,45,2.0,2.7,Second Class Lower,Third Class
Isioma Babatunde,250501913,ICT,PHY 201,200 Level,2.34,2.34,0,4,3,39,46,2.0,2.17,Third Class,Third Class
Isioma Babatunde,250502867,CYBERSECURITY,CSC 201,200 Level,1.24,1.24,4,9,3,4,20,0.0,0.62,Fail,Fail
Isioma Babatunde,250501845,ICT,PHY 201,200 Level,2.37,2.37,10,13,9,9,41,1.0,1.68,Third Class,Pass
Isioma Bello,250502919,CYBERSECURITY,GST 211,200 Level,2.36,2.36,4,9,4,3,20,0.0,1.18,Pass,Fail
Isioma Bello,250502121,COMPUTER SCIENCE,MTH 223,200 Level,4.8,4.8,0,8,2,23,33,0.0,2.4,Third Class,Fail
Isioma Bello,250501760,CYBERSECURITY,MTH 223,200 Level,1.18,1.18,7,15,9,52,83,5.0,3.09,Second Class Lower,Second Class Upper
Isioma Chukwu,250502156,CYBERSECURITY,MTH 223,200 Level,1.21,1.21,2,6,9,7,24,0.0,0.6,Fail,Fail
Isioma Danladi,250502949,ICT,GST 209,200 Level,2.45,2.45,10,13,2,58,83,5.0,3.72,Second Class Upper,Second Class Upper
Isioma Danladi,250502125,COMPUTER SCIENCE,MTH 223,200 Level,2.98,2.98,1,10,6,9,26,0.0,1.49,Pass,Fail
Isioma Danladi,250501887,CYBERSECURITY,MTH 223,200 Level,1.57,1.57,2,8,8,2,20,0.0,0.78,Fail,Fail
Isioma Dikko,250502129,ICT,MTH 223,200 Level,1.67,1.67,4,19,8,44,75,5.0,3.34,Second Class Lower,Second Class Upper
Isioma Dikko,250502177,CYBERSECURITY,PHY 205,200 Level,0.98,0.98,1,14,1,14,30,0.0,0.49,Fail,Fail
Isioma Dikko,250501225,ICT,GST 211,200 Level,1.6,1.6,9,0,10,60,79,5.0,3.3,Second Class Lower,Second Class Upper
Isioma Ejike,250502495,ICT,PHY 205,200 Level,3.51,3.51,5,15,9,8,37,0.0,1.76,Third Class,Fail
Isioma Ejike,250501986,CYBERSECURITY,CSC 201,200 Level,3.6,3.6,3,18,1,58,80,5.0,4.3,Second Class Upper,First Class
Isioma Eze,250501192,ICT,CHM 201,200 Level,4.55,4.55,8,2,1,8,19,0.0,2.28,Third Class,Fail
Isioma Fashola,250501632,CYBERSECURITY,GST 209,200 Level,2.8,2.8,10,10,10,21,51,3.0,2.9,Second Class Lower,Second Class Lower
Isioma Fashola,250501717,CYBERSECURITY,PHY 201,200 Level,4.84,4.84,2,19,5,35,61,4.0,4.42,Second Class Upper,Second Class Upper
Isioma Fashola,250502909,ICT,CSC 201,200 Level,1.17,1.17,6,19,6,49,80,5.0,3.08,Second Class Lower,Second Class Upper
Isioma Fashola,250501562,COMPUTER SCIENCE,CSC 201,200 Level,1.11,1.11,1,6,5,24,36,0.0,0.56,Fail,Fail
Isioma Fashola,250502041,CYBERSECURITY,MTH 223,200 Level,4.06,4.06,10,18,2,7,37,0.0,2.03,Third Class,Fail
Isioma Fashola,250501012,ICT,CHM 207,200 Level,4.25,4.25,10,4,7,30,51,3.0,3.62,Second Class Upper,Second Class Lower
Isioma Gana,250501684,ICT,GST 209,200 Level,4.68,4.68,6,13,7,33,59,3.0,3.84,Second Class Upper,Second Class Lower
Isioma Gana,250501126,CYBERSECURITY,GST 211,200 Level,4.18,4.18,6,13,3,38,60,4.0,4.09,Second Class Upper,Second Class Upper
Isioma Hassan,250502804,CYBERSECURITY,MTH 201,200 Level,2.07,2.07,2,8,1,13,24,0.0,1.03,Pass,Fail
Isioma Ikenna,250501493,COMPUTER SCIENCE,PHY 201,200 Level,1.35,1.35,4,5,7,16,32,0.0,0.68,Fail,Fail
Isioma James,250502401,CYBERSECURITY,CHM 201,200 Level,1.25,1.25,2,17,2,41,62,4.0,2.62,Second Class Lower,Second Class Lower
Isioma James,250501774,ICT,GST 211,200 Level,4.09,4.09,1,0,6,50,57,3.0,3.54,Second Class Upper,Second Class Lower
Isioma James,250501634,CYBERSECURITY,CHM 201,200 Level,0.98,0.98,2,20,2,15,39,0.0,0.49,Fail,Fail
Isioma James,250501906,ICT,CHM 207,200 Level,4.18,4.18,8,19,8,45,80,5.0,4.59,First Class,First Class
Isioma Kalu,250502738,ICT,PHY 205,200 Level,2.15,2.15,10,15,9,15,49,2.0,2.08,Third Class,Third Class
Isioma Kalu,250502015,COMPUTER SCIENCE,PHY 205,200 Level,4.66,4.66,8,19,3,53,83,5.0,4.83,First Class,First Class
Isioma Kalu,250501732,CYBERSECURITY,GST 211,200 Level,3.49,3.49,9,17,5,5,36,0.0,1.74,Third Class,Fail
Isioma Lawal,250501868,CYBERSECURITY,PHY 201,200 Level,4.38,4.38,10,4,8,13,35,0.0,2.19,Third Class,Fail
Isioma Lawal,250502368,COMPUTER SCIENCE,GST 211,200 Level,1.31,1.31,10,3,6,60,79,5.0,3.16,Second Class Lower,Second Class Upper
Isioma Lawal,250501461,CYBERSECURITY,PHY 205,200 Level,3.42,3.42,1,12,4,28,45,2.0,2.71,Second Class Lower,Third Class
Isioma Lawal,250501260,COMPUTER SCIENCE,MTH 201,200 Level,3.27,3.27,3,19,7,23,52,3.0,3.14,Second Class Lower,Second Class Lower
Isioma Madu,250502764,CYBERSECURITY,PHY 205,200 Level,1.18,1.18,2,11,5,60,78,5.0,3.09,Second Class Lower,Second Class Upper
Isioma Musa,250502681,ICT,PHY 201,200 Level,4.89,4.89,9,13,9,14,45,2.0,3.44,Second Class Lower,Second Class Lower
Isioma Musa,250501068,CYBERSECURITY,GST 209,200 Level,0.84,0.84,8,20,9,20,57,3.0,1.92,Third Class,Second Class Lower
Isioma Nwachukwu,250501377,ICT,PHY 201,200 Level,0.6,0.6,5,14,1,37,57,3.0,1.8,Third Class,Second Class Lower
Isioma Nwachukwu,250502186,ICT,MTH 201,200 Level,3.6,3.6,6,3,10,54,73,5.0,4.3,Second Class Upper,First Class
Isioma Nwosu,250502630,CYBERSECURITY,PHY 205,200 Level,3.9,3.9,5,9,4,59,77,5.0,4.45,Second Class Upper,First Class
Isioma Nwosu,250501436,ICT,CSC 201,200 Level,0.83,0.83,8,11,1,13,33,0.0,0.42,Fail,Fail
Isioma Obi,250502059,COMPUTER SCIENCE,GST 209,200 Level,3.32,3.32,7,5,0,17,29,0.0,1.66,Third Class,Fail
Isioma Okafor,250501279,CYBERSECURITY,PHY 201,200 Level,4.08,4.08,4,12,1,12,29,0.0,2.04,Third Class,Fail
Isioma Okafor,250502193,ICT,PHY 201,200 Level,3.29,3.29,9,12,10,9,40,1.0,2.14,Third Class,Pass
Isioma Okafor,250502891,CYBERSECURITY,MTH 223,200 Level,2.31,2.31,0,16,8,58,82,5.0,3.66,Second Class Upper,Second Class Upper
Isioma Okonkwo,250501818,COMPUTER SCIENCE,GST 209,200 Level,0.75,0.75,6,15,4,15,40,1.0,0.88,Fail,Fail
Isioma Okonkwo,250502282,ICT,CHM 201,200 Level,3.02,3.02,8,11,0,46,65,4.0,3.51,Second Class Upper,Second Class Upper
Isioma Okoro,250502649,ICT,PHY 201,200 Level,3.69,3.69,5,9,0,42,56,3.0,3.34,Second Class Lower,Second Class Lower
Isioma Okoro,250501803,ICT,CHM 201,200 Level,3.23,3.23,9,9,3,55,76,5.0,4.12,Second Class Upper,First Class
Isioma Peters,250502100,ICT,PHY 205,200 Level,0.76,0.76,1,11,3,27,42,1.0,0.88,Fail,Fail
Isioma Peters,250501833,COMPUTER SCIENCE,MTH 223,200 Level,1.29,1.29,1,18,0,47,66,4.0,2.64,Second Class Lower,Second Class Lower
Isioma Peters,250501552,CYBERSECURITY,PHY 201,200 Level,2.98,2.98,1,6,2,17,26,0.0,1.49,Pass,Fail
Isioma Peters,250501325,CYBERSECURITY,GST 209,200 Level,3.82,3.82,3,3,7,0,13,0.0,1.91,Third Class,Fail
Isioma Peters,250502096,CYBERSECURITY,CSC 201,200 Level,1.49,1.49,6,3,9,20,38,0.0,0.74,Fail,Fail
Isioma Raji,250501735,CYBERSECURITY,CHM 201,200 Level,4.45,4.45,6,19,2,29,56,3.0,3.72,Second Class Upper,Second Class Lower
Isioma Raji,250502278,ICT,CSC 201,200 Level,1.14,1.14,6,18,7,36,67,4.0,2.57,Second Class Lower,Second Class Lower
Isioma Raji,250501383,COMPUTER SCIENCE,CHM 201,200 Level,4.45,4.45,8,15,6,2,31,0.0,2.22,Third Class,Fail
Isioma Raji,250502547,CYBERSECURITY,GST 209,200 Level,2.98,2.98,3,17,5,21,46,2.0,2.49,Third Class,Third Class
Isioma Salisu,250501794,ICT,GST 211,200 Level,0.58,0.58,2,2,10,28,42,1.0,0.79,Fail,Fail
Isioma Salisu,250502248,COMPUTER SCIENCE,CHM 207,200 Level,4.64,4.64,6,15,5,5,31,0.0,2.32,Third Class,Fail
Isioma Usman,250502829,ICT,PHY 205,200 Level,1.82,1.82,10,1,0,30,41,1.0,1.41,Pass,Pass
Isioma Usman,250502759,COMPUTER SCIENCE,PHY 201,200 Level,2.97,2.97,0,1,8,1,10,0.0,1.48,Pass,Fail
Jide Adeola,250501917,COMPUTER SCIENCE,MTH 201,200 Level,4.77,4.77,8,11,5,43,67,4.0,4.38,Second Class Upper,Second Class Upper
Jide Adeola,250502135,ICT,MTH 201,200 Level,0.84,0.84,4,6,4,43,57,3.0,1.92,Third Class,Second Class Lower
Jide Adeola,250502536,COMPUTER SCIENCE,CSC 201,200 Level,1.32,1.32,8,6,5,14,33,0.0,0.66,Fail,Fail
Jide Adeola,250502801,CYBERSECURITY,GST 209,200 Level,3.82,3.82,8,17,4,10,39,0.0,1.91,Third Class,Fail
Jide Adeyemi,250502279,ICT,CHM 201,200 Level,2.74,2.74,9,10,10,55,84,5.0,3.87,Second Class Upper,First Class
Jide Adeyemi,250501148,COMPUTER SCIENCE,MTH 201,200 Level,0.73,0.73,7,16,6,1,30,0.0,0.36,Fail,Fail
Jide Afolabi,250502380,COMPUTER SCIENCE,CHM 201,200 Level,1.24,1.24,5,0,6,57,68,4.0,2.62,Second Class Lower,Second Class Lower
Jide Afolabi,250502703,ICT,PHY 205,200 Level,2.78,2.78,8,18,1,20,47,2.0,2.39,Third Class,Third Class
Jide Afolabi,250502270,ICT,MTH 201,200 Level,3.63,3.63,2,6,1,36,45,2.0,2.82,Second Class Lower,Third Class
Jide Babatunde,250501314,COMPUTER SCIENCE,MTH 223,200 Level,4.26,4.26,8,18,6,23,55,3.0,3.63,Second Class Upper,Second Class Lower
Jide Babatunde,250502381,CYBERSECURITY,CHM 207,200 Level,2.26,2.26,7,9,4,23,43,1.0,1.63,Third Class,Pass
Jide Babatunde,250502765,ICT,PHY 201,200 Level,1.96,1.96,6,5,10,8,29,0.0,0.98,Fail,Fail
Jide Bello,250501310,ICT,CHM 201,200 Level,2.48,2.48,4,20,6,42,72,5.0,3.74,Second Class Upper,Second Class Upper
Jide Bello,250501184,CYBERSECURITY,GST 211,200 Level,1.66,1.66,10,13,10,5,38,0.0,0.83,Fail,Fail
Jide Bello,250501484,CYBERSECURITY,GST 209,200 Level,3.13,3.13,2,2,6,31,41,1.0,2.06,Third Class,Pass
Jide Chukwu,250502544,CYBERSECURITY,MTH 223,200 Level,4.83,4.83,5,9,3,42,59,3.0,3.92,Second Class Upper,Second Class Lower
Jide Chukwu,250501479,COMPUTER SCIENCE,PHY 205,200 Level,2.85,2.85,1,7,1,41,50,3.0,2.92,Second Class Lower,Second Class Lower
Jide Danladi,250501446,CYBERSECURITY,CHM 207,200 Level,4.94,4.94,4,19,8,23,54,3.0,3.97,Second Class Upper,Second Class Lower
Jide Danladi,250501199,ICT,CSC 201,200 Level,4.01,4.01,3,7,7,9,26,0.0,2.0,Third Class,Fail
Jide Danladi,250502802,COMPUTER SCIENCE,PHY 205,200 Level,2.09,2.09,7,10,5,30,52,3.0,2.54,Second Class Lower,Second Class Lower
Jide Dikko,250502783,CYBERSECURITY,CHM 207,200 Level,3.37,3.37,7,3,10,2,22,0.0,1.68,Third Class,Fail
Jide Dikko,250502651,CYBERSECURITY,MTH 201,200 Level,1.86,1.86,4,3,2,49,58,3.0,2.43,Third Class,Second Class Lower
Jide Ejike,250501707,CYBERSECURITY,CSC 201,200 Level,4.14,4.14,2,17,6,30,55,3.0,3.57,Second Class Upper,Second Class Lower
Jide Eze,250502643,CYBERSECURITY,MTH 223,200 Level,3.31,3.31,2,0,3,48,53,3.0,3.16,Second Class Lower,Second Class Lower
Jide Fashola,250502049,CYBERSECURITY,CHM 207,200 Level,0.6,0.6,8,6,8,0,22,0.0,0.3,Fail,Fail
Jide Gana,250501210,CYBERSECURITY,MTH 201,200 Level,2.97,2.97,1,20,7,17,45,2.0,2.49,Third Class,Third Class
Jide Gana,250502387,COMPUTER SCIENCE,CHM 207,200 Level,1.09,1.09,8,7,3,18,36,0.0,0.55,Fail,Fail
Jide Gana,250501521,CYBERSECURITY,PHY 205,200 Level,2.21,2.21,8,17,10,42,77,5.0,3.6,Second Class Upper,Second Class Upper
Jide Gana,250502816,COMPUTER SCIENCE,PHY 205,200 Level,1.83,1.83,1,0,0,52,53,3.0,2.42,Third Class,Second Class Lower
Jide Gana,250502050,ICT,GST 209,200 Level,4.44,4.44,1,16,2,21,40,1.0,2.72,Second Class Lower,Third Class
Jide Garba,250501638,CYBERSECURITY,MTH 201,200 Level,1.71,1.71,7,16,7,41,71,5.0,3.36,Second Class Lower,Second Class Upper
Jide Garba,250502217,ICT,MTH 223,200 Level,3.56,3.56,3,11,10,12,36,0.0,1.78,Third Class,Fail
Jide Garba,250501815,ICT,MTH 201,200 Level,2.83,2.83,5,17,1,24,47,2.0,2.42,Third Class,Third Class
Jide Hassan,250502702,ICT,PHY 201,200 Level,1.9,1.9,5,6,4,45,60,4.0,2.95,Second Class Lower,Second Class Upper
Jide Hassan,250502555,COMPUTER SCIENCE,MTH 201,200 Level,1.45,1.45,9,15,9,25,58,3.0,2.22,Third Class,Second Class Lower
Jide Ikenna,250501594,CYBERSECURITY,CHM 201,200 Level,4.54,4.54,2,2,1,22,27,0.0,2.27,Third Class,Fail
Jide Ikenna,250502048,CYBERSECURITY,PHY 205,200 Level,4.42,4.42,8,9,2,14,33,0.0,2.21,Third Class,Fail
Jide Ikenna,250501636,CYBERSECURITY,CSC 201,200 Level,2.9,2.9,2,12,8,39,61,4.0,3.45,Second Class Lower,Second Class Upper
Jide Ikenna,250501085,COMPUTER SCIENCE,CSC 201,200 Level,1.96,1.96,9,16,5,38,68,4.0,2.98,Second Class Lower,Second Class Upper
Jide Ikenna,250501145,CYBERSECURITY,CHM 201,200 Level,0.67,0.67,7,18,7,3,35,0.0,0.34,Fail,Fail
Jide Ikenna,250502434,ICT,PHY 201,200 Level,1.13,1.13,0,20,1,3,24,0.0,0.56,Fail,Fail
Jide Ikenna,250502042,CYBERSECURITY,GST 211,200 Level,1.93,1.93,0,5,9,15,29,0.0,0.96,Fail,Fail
Jide Ikenna,250501428,CYBERSECURITY,CHM 201,200 Level,2.08,2.08,8,4,3,11,26,0.0,1.04,Pass,Fail
Jide James,250502061,CYBERSECURITY,PHY 205,200 Level,4.93,4.93,0,0,9,9,18,0.0,2.46,Third Class,Fail
Jide Kalu,250501564,COMPUTER SCIENCE,MTH 223,200 Level,2.08,2.08,7,10,3,17,37,0.0,1.04,Pass,Fail
Jide Kalu,250501652,CYBERSECURITY,CHM 207,200 Level,3.14,3.14,5,11,0,59,75,5.0,4.07,Second Class Upper,First Class
Jide Kalu,250501798,COMPUTER SCIENCE,CHM 201,200 Level,3.63,3.63,8,16,6,24,54,3.0,3.32,Second Class Lower,Second Class Lower
Jide Lawal,250502419,ICT,CHM 201,200 Level,4.7,4.7,8,14,7,48,77,5.0,4.85,First Class,First Class
Jide Madu,250502227,CYBERSECURITY,MTH 201,200 Level,1.73,1.73,8,4,9,21,42,1.0,1.36,Pass,Pass
Jide Musa,250501352,CYBERSECURITY,PHY 205,200 Level,3.46,3.46,1,8,3,10,22,0.0,1.73,Third Class,Fail
Jide Musa,250501728,CYBERSECURITY,MTH 223,200 Level,1.41,1.41,2,14,4,42,62,4.0,2.7,Second Class Lower,Second Class Lower
Jide Musa,250501561,CYBERSECURITY,MTH 201,200 Level,1.46,1.46,7,20,10,12,49,2.0,1.73,Third Class,Third Class
Jide Nwachukwu,250502931,COMPUTER SCIENCE,PHY 205,200 Level,3.03,3.03,7,10,1,10,28,0.0,1.52,Third Class,Fail
Jide Nwachukwu,250502471,CYBERSECURITY,PHY 201,200 Level,3.82,3.82,8,4,4,37,53,3.0,3.41,Second Class Lower,Second Class Lower
Jide Nwosu,250501390,ICT,PHY 205,200 Level,4.96,4.96,8,16,2,9,35,0.0,2.48,Third Class,Fail
Jide Nwosu,250502257,COMPUTER SCIENCE,MTH 223,200 Level,2.71,2.71,8,1,7,19,35,0.0,1.36,Pass,Fail
Jide Obi,250502067,CYBERSECURITY,CSC 201,200 Level,1.0,1.0,4,16,8,56,84,5.0,3.0,Second Class Lower,Second Class Upper
Jide Obi,250501831,CYBERSECURITY,PHY 205,200 Level,2.54,2.54,9,1,4,58,72,5.0,3.77,Second Class Upper,First Class
Jide Obi,250501723,CYBERSECURITY,GST 211,200 Level,3.84,3.84,8,18,0,21,47,2.0,2.92,Second Class Lower,Third Class
Jide Obi,250502908,COMPUTER SCIENCE,CSC 201,200 Level,1.97,1.97,6,7,8,13,34,0.0,0.98,Fail,Fail
Jide Obi,250502826,ICT,CHM 207,200 Level,0.69,0.69,10,16,3,8,37,0.0,0.34,Fail,Fail
Jide Okafor,250502645,CYBERSECURITY,CHM 201,200 Level,3.9,3.9,1,3,1,59,64,4.0,3.95,Second Class Upper,Second Class Upper
Jide Okonkwo,250502043,CYBERSECURITY,GST 209,200 Level,3.32,3.32,0,9,6,53,68,4.0,3.66,Second Class Upper,Second Class Upper
Jide Okoro,250502987,CYBERSECURITY,PHY 205,200 Level,2.73,2.73,6,6,8,48,68,4.0,3.36,Second Class Lower,Second Class Upper
Jide Okoro,250501756,CYBERSECURITY,GST 211,200 Level,3.29,3.29,3,1,9,46,59,3.0,3.14,Second Class Lower,Second Class Lower
Jide Peters,250501481,CYBERSECURITY,GST 209,200 Level,3.63,3.63,10,12,2,31,55,3.0,3.32,Second Class Lower,Second Class Lower
Jide Peters,250501980,ICT,GST 211,200 Level,2.0,2.0,4,10,2,60,76,5.0,3.5,Second Class Upper,Second Class Upper
Jide Raji,250501143,COMPUTER SCIENCE,MTH 201,200 Level,1.85,1.85,4,15,1,33,53,3.0,2.42,Third Class,Second Class Lower
Jide Raji,250501822,COMPUTER SCIENCE,CHM 207,200 Level,2.0,2.0,1,7,2,34,44,1.0,1.5,Third Class,Pass
Jide Raji,250502035,CYBERSECURITY,GST 211,200 Level,3.63,3.63,10,15,0,56,81,5.0,4.31,Second Class Upper,First Class
Jide Raji,250502002,CYBERSECURITY,MTH 223,200 Level,4.43,4.43,5,3,9,29,46,2.0,3.22,Second Class Lower,Third Class
Jide Raji,250501688,ICT,GST 209,200 Level,3.96,3.96,2,19,6,27,54,3.0,3.48,Second Class Lower,Second Class Lower
Jide Raji,250502284,CYBERSECURITY,PHY 205,200 Level,1.97,1.97,2,18,2,38,60,4.0,2.98,Second Class Lower,Second Class Upper
Jide Salisu,250502877,ICT,CHM 201,200 Level,2.79,2.79,8,3,5,16,32,0.0,1.4,Pass,Fail
Jide Salisu,250502441,COMPUTER SCIENCE,CHM 207,200 Level,0.92,0.92,5,12,4,49,70,5.0,2.96,Second Class Lower,Second Class Upper
Jide Usman,250502469,CYBERSECURITY,MTH 201,200 Level,4.02,4.02,9,10,3,39,61,4.0,4.01,Second Class Upper,Second Class Upper
Kemi Adeyemi,250502382,ICT,PHY 205,200 Level,4.86,4.86,2,18,4,60,84,5.0,4.93,First Class,First Class
Kemi Adeyemi,250501640,CYBERSECURITY,MTH 223,200 Level,0.59,0.59,8,11,2,28,49,2.0,1.3,Pass,Third Class
Kemi Adeyemi,250502493,ICT,CHM 207,200 Level,0.83,0.83,4,7,3,23,37,0.0,0.42,Fail,Fail
Kemi Afolabi,250502230,COMPUTER SCIENCE,CHM 207,200 Level,4.52,4.52,9,12,5,40,66,4.0,4.26,Second Class Upper,Second Class Upper
Kemi Afolabi,250501313,ICT,PHY 201,200 Level,4.83,4.83,0,7,5,35,47,2.0,3.42,Second Class Lower,Second Class Lower
Kemi Afolabi,250502406,COMPUTER SCIENCE,PHY 201,200 Level,4.3,4.3,1,7,2,44,54,3.0,3.65,Second Class Upper,Second Class Lower
Kemi Afolabi,250502912,ICT,MTH 201,200 Level,4.98,4.98,3,6,8,21,38,0.0,2.49,Third Class,Fail
Kemi Afolabi,250502242,CYBERSECURITY,CHM 201,200 Level,3.97,3.97,9,1,9,28,47,2.0,2.99,Second Class Lower,Third Class
Kemi Babatunde,250501613,ICT,CHM 201,200 Level,0.87,0.87,10,4,1,36,51,3.0,1.94,Third Class,Second Class Lower
Kemi Chukwu,250502803,COMPUTER SCIENCE,CHM 207,200 Level,1.83,1.83,1,6,3,32,42,1.0,1.42,Pass,Pass
Kemi Danladi,250501736,ICT,GST 211,200 Level,2.27,2.27,6,10,9,1,26,0.0,1.14,Pass,Fail
Kemi Danladi,250502371,CYBERSECURITY,GST 209,200 Level,1.31,1.31,8,10,10,8,36,0.0,0.66,Fail,Fail
Kemi Danladi,250501576,CYBERSECURITY,PHY 201,200 Level,1.16,1.16,3,8,9,56,76,5.0,3.08,Second Class Lower,Second Class Upper
Kemi Danladi,250502127,COMPUTER SCIENCE,MTH 201,200 Level,2.34,2.34,5,14,6,19,44,1.0,1.67,Third Class,Pass
Kemi Dikko,250502455,ICT,MTH 201,200 Level,4.69,4.69,9,4,9,54,76,5.0,4.85,First Class,First Class
Kemi Dikko,250501852,ICT,CHM 201,200 Level,1.44,1.44,1,5,7,13,26,0.0,0.72,Fail,Fail
Kemi Ejike,250502713,CYBERSECURITY,MTH 223,200 Level,2.57,2.57,4,17,1,10,32,0.0,1.28,Pass,Fail
Kemi Ejike,250502103,CYBERSECURITY,PHY 201,200 Level,4.67,4.67,3,20,3,51,77,5.0,4.84,First Class,First Class
Kemi Eze,250501553,ICT,PHY 205,200 Level,3.02,3.02,2,9,2,42,55,3.0,3.01,Second Class Lower,Second Class Lower
Kemi Eze,250501477,CYBERSECURITY,GST 211,200 Level,2.99,2.99,8,13,0,11,32,0.0,1.5,Third Class,Fail
Kemi Eze,250502692,CYBERSECURITY,GST 209,200 Level,2.29,2.29,5,18,10,45,78,5.0,3.64,Second Class Upper,Second Class Upper
Kemi Fashola,250502791,ICT,GST 209,200 Level,3.82,3.82,5,13,7,44,69,4.0,3.91,Second Class Upper,Second Class Upper
Kemi Gana,250501256,CYBERSECURITY,PHY 205,200 Level,4.71,4.71,2,18,0,19,39,0.0,2.36,Third Class,Fail
Kemi Gana,250501333,ICT,PHY 201,200 Level,1.02,1.02,7,3,7,14,31,0.0,0.51,Fail,Fail
Kemi Garba,250502308,COMPUTER SCIENCE,PHY 201,200 Level,2.03,2.03,8,18,2,49,77,5.0,3.51,Second Class Upper,Second Class Upper
Kemi Garba,250502076,COMPUTER SCIENCE,PHY 205,200 Level,2.23,2.23,7,7,8,28,50,3.0,2.62,Second Class Lower,Second Class Lower
Kemi Hassan,250501299,COMPUTER SCIENCE,CHM 207,200 Level,0.88,0.88,8,5,9,48,70,5.0,2.94,Second Class Lower,Second Class Upper
Kemi Hassan,250501882,COMPUTER SCIENCE,PHY 201,200 Level,0.59,0.59,3,6,5,7,21,0.0,0.3,Fail,Fail
Kemi Hassan,250501820,COMPUTER SCIENCE,PHY 201,200 Level,4.11,4.11,1,1,5,27,34,0.0,2.06,Third Class,Fail
Kemi Ikenna,250502902,ICT,PHY 201,200 Level,3.92,3.92,6,11,10,60,87,5.0,4.46,Second Class Upper,First Class
Kemi Kalu,250502805,ICT,PHY 201,200 Level,3.99,3.99,1,0,8,15,24,0.0,2.0,Third Class,Fail
Kemi Kalu,250501799,COMPUTER SCIENCE,CHM 207,200 Level,4.65,4.65,5,15,0,39,59,3.0,3.82,Second Class Upper,Second Class Lower
Kemi Kalu,250502074,COMPUTER SCIENCE,PHY 205,200 Level,4.94,4.94,2,8,8,56,74,5.0,4.97,First Class,First Class
Kemi Kalu,250501444,COMPUTER SCIENCE,GST 209,200 Level,4.16,4.16,7,14,4,12,37,0.0,2.08,Third Class,Fail
Kemi Lawal,250502163,ICT,CHM 207,200 Level,3.85,3.85,3,9,6,8,26,0.0,1.92,Third Class,Fail
Kemi Madu,250502616,ICT,CSC 201,200 Level,4.97,4.97,4,1,2,11,18,0.0,2.48,Third Class,Fail
Kemi Musa,250502482,ICT,CHM 207,200 Level,2.95,2.95,10,16,5,46,77,5.0,3.98,Second Class Upper,First Class
Kemi Musa,250501253,COMPUTER SCIENCE,MTH 201,200 Level,1.93,1.93,8,15,5,45,73,5.0,3.46,Second Class Lower,Second Class Upper
Kemi Nwachukwu,250501617,ICT,CSC 201,200 Level,1.75,1.75,9,12,7,28,56,3.0,2.38,Third Class,Second Class Lower
Kemi Nwachukwu,250501959,ICT,MTH 201,200 Level,3.82,3.82,8,20,1,60,89,5.0,4.41,Second Class Upper,First Class
Kemi Nwachukwu,250501397,COMPUTER SCIENCE,MTH 201,200 Level,2.43,2.43,2,13,4,14,33,0.0,1.22,Pass,Fail
Kemi Nwosu,250501863,ICT,CSC 201,200 Level,2.48,2.48,0,17,3,2,22,0.0,1.24,Pass,Fail
Kemi Obi,250502032,CYBERSECURITY,CHM 201,200 Level,1.54,1.54,9,2,0,45,56,3.0,2.27,Third Class,Second Class Lower
Kemi Obi,250501793,ICT,CHM 201,200 Level,3.25,3.25,4,11,1,5,21,0.0,1.62,Third Class,Fail
Kemi Okafor,250501930,ICT,MTH 223,200 Level,1.13,1.13,3,0,6,3,12,0.0,0.56,Fail,Fail
Kemi Okafor,250501513,ICT,CHM 207,200 Level,4.4,4.4,5,3,2,44,54,3.0,3.7,Second Class Upper,Second Class Lower
Kemi Okafor,250502800,COMPUTER SCIENCE,GST 209,200 Level,4.8,4.8,4,2,6,49,61,4.0,4.4,Second Class Upper,Second Class Upper
Kemi Okafor,250502066,COMPUTER SCIENCE,GST 211,200 Level,1.57,1.57,9,3,9,26,47,2.0,1.78,Third Class,Third Class
Kemi Okonkwo,250502839,ICT,MTH 223,200 Level,1.51,1.51,1,15,8,2,26,0.0,0.76,Fail,Fail
Kemi Okonkwo,250501565,ICT,CHM 201,200 Level,3.15,3.15,5,12,5,60,82,5.0,4.08,Second Class Upper,First Class
Kemi Okoro,250501583,ICT,PHY 201,200 Level,1.98,1.98,2,9,0,8,19,0.0,0.99,Fail,Fail
Kemi Peters,250502023,CYBERSECURITY,PHY 201,200 Level,4.87,4.87,8,12,5,23,48,2.0,3.44,Second Class Lower,Second Class Lower
Kemi Peters,250501811,CYBERSECURITY,CSC 201,200 Level,4.28,4.28,1,4,1,35,41,1.0,2.64,Second Class Lower,Third Class
Kemi Peters,250501983,ICT,PHY 205,200 Level,0.84,0.84,6,5,9,15,35,0.0,0.42,Fail,Fail
Kemi Raji,250502208,ICT,PHY 205,200 Level,1.73,1.73,2,11,4,32,49,2.0,1.86,Third Class,Third Class
Kemi Raji,250501592,ICT,MTH 223,200 Level,1.32,1.32,9,4,1,21,35,0.0,0.66,Fail,Fail
Kemi Usman,250501267,COMPUTER SCIENCE,PHY 205,200 Level,3.66,3.66,2,8,4,21,35,0.0,1.83,Third Class,Fail
Kemi Usman,250501128,CYBERSECURITY,CHM 207,200 Level,0.53,0.53,6,5,6,15,32,0.0,0.26,Fail,Fail
Kemi Usman,250502238,CYBERSECURITY,PHY 205,200 Level,4.86,4.86,3,19,1,30,53,3.0,3.93,Second Class Upper,Second Class Lower
Kemi Usman,250501265,ICT,MTH 223,200 Level,3.83,3.83,2,0,8,1,11,0.0,1.92,Third Class,Fail
Kunle Adeola,250501399,ICT,GST 209,200 Level,3.9,3.9,0,14,8,17,39,0.0,1.95,Third Class,Fail
Kunle Adeyemi,250501037,CYBERSECURITY,CSC 201,200 Level,0.94,0.94,9,7,9,29,54,3.0,1.97,Third Class,Second Class Lower
Kunle Adeyemi,250501059,ICT,PHY 205,200 Level,1.96,1.96,6,19,9,46,80,5.0,3.48,Second Class Lower,Second Class Upper
Kunle Afolabi,250502372,ICT,MTH 201,200 Level,4.34,4.34,0,1,6,31,38,0.0,2.17,Third Class,Fail
Kunle Afolabi,250501865,CYBERSECURITY,MTH 201,200 Level,3.02,3.02,6,2,9,17,34,0.0,1.51,Third Class,Fail
Kunle Afolabi,250502819,CYBERSECURITY,PHY 205,200 Level,2.22,2.22,10,14,5,18,47,2.0,2.11,Third Class,Third Class
Kunle Afolabi,250501169,ICT,GST 211,200 Level,3.16,3.16,3,2,0,60,65,4.0,3.58,Second Class Upper,Second Class Upper
Kunle Afolabi,250502590,ICT,GST 209,200 Level,3.62,3.62,10,13,10,29,62,4.0,3.81,Second Class Upper,Second Class Upper
Kunle Afolabi,250502020,CYBERSECURITY,MTH 223,200 Level,3.64,3.64,1,13,1,24,39,0.0,1.82,Third Class,Fail
Kunle Chukwu,250501772,CYBERSECURITY,MTH 223,200 Level,1.07,1.07,5,11,9,8,33,0.0,0.54,Fail,Fail
Kunle Chukwu,250501411,ICT,CSC 201,200 Level,4.78,4.78,7,20,0,29,56,3.0,3.89,Second Class Upper,Second Class Lower
Kunle Chukwu,250502071,ICT,PHY 201,200 Level,1.55,1.55,5,0,3,4,12,0.0,0.78,Fail,Fail
Kunle Chukwu,250502213,ICT,CHM 207,200 Level,4.08,4.08,9,13,9,22,53,3.0,3.54,Second Class Upper,Second Class Lower
Kunle Danladi,250501918,CYBERSECURITY,CSC 201,200 Level,3.94,3.94,7,10,9,47,73,5.0,4.47,Second Class Upper,First Class
Kunle Danladi,250502746,ICT,MTH 223,200 Level,0.59,0.59,9,20,7,16,52,3.0,1.8,Third Class,Second Class Lower
Kunle Dikko,250501682,COMPUTER SCIENCE,CHM 207,200 Level,1.27,1.27,0,4,2,16,22,0.0,0.64,Fail,Fail
Kunle Dikko,250502293,CYBERSECURITY,GST 211,200 Level,3.6,3.6,5,5,3,21,34,0.0,1.8,Third Class,Fail
Kunle Dikko,250501530,ICT,MTH 201,200 Level,4.16,4.16,7,14,10,4,35,0.0,2.08,Third Class,Fail
Kunle Ejike,250501074,ICT,MTH 201,200 Level,3.68,3.68,5,9,1,50,65,4.0,3.84,Second Class Upper,Second Class Upper
Kunle Ejike,250502481,COMPUTER SCIENCE,MTH 223,200 Level,1.04,1.04,6,13,0,26,45,2.0,1.52,Third Class,Third Class
Kunle Eze,250501157,ICT,PHY 205,200 Level,3.93,3.93,10,7,7,59,83,5.0,4.46,Second Class Upper,First Class
Kunle Eze,250502259,CYBERSECURITY,CHM 207,200 Level,3.12,3.12,5,12,8,30,55,3.0,3.06,Second Class Lower,Second Class Lower
Kunle Eze,250501689,COMPUTER SCIENCE,CHM 201,200 Level,1.34,1.34,1,4,4,41,50,3.0,2.17,Third Class,Second Class Lower
Kunle Fashola,250502253,CYBERSECURITY,CHM 207,200 Level,1.06,1.06,4,19,5,43,71,5.0,3.03,Second Class Lower,Second Class Upper
Kunle Fashola,250501036,COMPUTER SCIENCE,PHY 201,200 Level,1.87,1.87,4,11,3,43,61,4.0,2.94,Second Class Lower,Second Class Upper
Kunle Fashola,250501586,ICT,CSC 201,200 Level,0.84,0.84,10,16,8,14,48,2.0,1.42,Pass,Third Class
Kunle Fashola,250502749,COMPUTER SCIENCE,CHM 207,200 Level,1.12,1.12,1,14,2,21,38,0.0,0.56,Fail,Fail
Kunle Fashola,250501555,COMPUTER SCIENCE,PHY 201,200 Level,2.32,2.32,10,2,4,9,25,0.0,1.16,Pass,Fail
Kunle Fashola,250502450,CYBERSECURITY,PHY 201,200 Level,2.74,2.74,9,7,3,48,67,4.0,3.37,Second Class Lower,Second Class Upper
Kunle Gana,250502364,CYBERSECURITY,CHM 207,200 Level,3.8,3.8,1,19,0,37,57,3.0,3.4,Second Class Lower,Second Class Lower
Kunle Gana,250501776,ICT,MTH 223,200 Level,1.53,1.53,7,0,2,41,50,3.0,2.26,Third Class,Second Class Lower
Kunle Gana,250502470,CYBERSECURITY,GST 209,200 Level,3.05,3.05,1,19,2,5,27,0.0,1.52,Third Class,Fail
Kunle Garba,250502411,ICT,MTH 201,200 Level,1.0,1.0,4,16,6,9,35,0.0,0.5,Fail,Fail
Kunle Garba,250502075,ICT,GST 209,200 Level,2.42,2.42,5,2,1,55,63,4.0,3.21,Second Class Lower,Second Class Upper
Kunle Garba,250501342,CYBERSECURITY,GST 211,200 Level,1.28,1.28,3,15,0,53,71,5.0,3.14,Second Class Lower,Second Class Upper
Kunle Hassan,250502299,COMPUTER SCIENCE,GST 209,200 Level,3.68,3.68,9,13,1,32,55,3.0,3.34,Second Class Lower,Second Class Lower
Kunle Hassan,250502868,ICT,GST 209,200 Level,1.09,1.09,4,15,7,3,29,0.0,0.55,Fail,Fail
Kunle James,250501020,ICT,GST 211,200 Level,3.25,3.25,1,0,2,48,51,3.0,3.12,Second Class Lower,Second Class Lower
Kunle James,250502807,COMPUTER SCIENCE,MTH 223,200 Level,1.33,1.33,5,19,6,32,62,4.0,2.66,Second Class Lower,Second Class Lower
Kunle Kalu,250501731,CYBERSECURITY,PHY 201,200 Level,4.17,4.17,7,3,5,21,36,0.0,2.08,Third Class,Fail
Kunle Kalu,250501060,COMPUTER SCIENCE,PHY 205,200 Level,2.25,2.25,5,15,10,33,63,4.0,3.12,Second Class Lower,Second Class Upper
Kunle Lawal,250501939,ICT,PHY 201,200 Level,3.09,3.09,4,2,3,38,47,2.0,2.54,Second Class Lower,Third Class
Kunle Lawal,250502761,CYBERSECURITY,PHY 201,200 Level,4.3,4.3,4,17,10,39,70,5.0,4.65,First Class,First Class
Kunle Madu,250502518,COMPUTER SCIENCE,PHY 205,200 Level,1.6,1.6,4,18,8,13,43,1.0,1.3,Pass,Pass
Kunle Madu,250502872,CYBERSECURITY,CSC 201,200 Level,2.78,2.78,10,17,10,51,88,5.0,3.89,Second Class Upper,First Class
Kunle Musa,250502722,ICT,PHY 205,200 Level,1.86,1.86,2,1,2,10,15,0.0,0.93,Fail,Fail
Kunle Musa,250502610,CYBERSECURITY,CHM 201,200 Level,4.46,4.46,5,16,10,47,78,5.0,4.73,First Class,First Class
Kunle Musa,250501021,ICT,CHM 201,200 Level,1.13,1.13,0,14,6,53,73,5.0,3.06,Second Class Lower,Second Class Upper
Kunle Musa,250502244,CYBERSECURITY,CHM 207,200 Level,3.92,3.92,2,2,6,46,56,3.0,3.46,Second Class Lower,Second Class Lower
Kunle Nwachukwu,250502553,CYBERSECURITY,CHM 207,200 Level,4.48,4.48,8,15,1,55,79,5.0,4.74,First Class,First Class
Kunle Nwachukwu,250502880,CYBERSECURITY,MTH 201,200 Level,3.6,3.6,1,14,0,9,24,0.0,1.8,Third Class,Fail
Kunle Nwachukwu,250501836,ICT,CHM 207,200 Level,4.62,4.62,0,13,3,31,47,2.0,3.31,Second Class Lower,Second Class Lower
Kunle Nwachukwu,250501183,COMPUTER SCIENCE,PHY 205,200 Level,4.45,4.45,9,12,7,57,85,5.0,4.72,First Class,First Class
Kunle Nwosu,250501076,ICT,CHM 207,200 Level,3.97,3.97,1,14,3,46,64,4.0,3.99,Second Class Upper,Second Class Upper
Kunle Obi,250502735,ICT,CHM 201,200 Level,4.49,4.49,5,15,2,48,70,5.0,4.74,First Class,First Class
Kunle Obi,250501643,ICT,MTH 223,200 Level,1.97,1.97,2,10,7,41,60,4.0,2.98,Second Class Lower,Second Class Upper
Kunle Okafor,250501445,CYBERSECURITY,GST 211,200 Level,4.76,4.76,7,1,2,15,25,0.0,2.38,Third Class,Fail
Kunle Okafor,250502743,CYBERSECURITY,GST 211,200 Level,0.55,0.55,2,16,6,35,59,3.0,1.78,Third Class,Second Class Lower
Kunle Okonkwo,250502938,ICT,CSC 201,200 Level,2.74,2.74,7,19,0,0,26,0.0,1.37,Pass,Fail
Kunle Okonkwo,250502939,CYBERSECURITY,MTH 223,200 Level,0.85,0.85,10,3,9,51,73,5.0,2.92,Second Class Lower,Second Class Upper
Kunle Okoro,250502732,CYBERSECURITY,GST 209,200 Level,2.87,2.87,6,0,2,26,34,0.0,1.44,Pass,Fail
Kunle Okoro,250501702,CYBERSECURITY,MTH 223,200 Level,2.01,2.01,0,19,3,58,80,5.0,3.5,Second Class Upper,Second Class Upper
Kunle Okoro,250502845,ICT,CHM 207,200 Level,1.58,1.58,9,7,8,38,62,4.0,2.79,Second Class Lower,Second Class Upper
Kunle Okoro,250501933,COMPUTER SCIENCE,PHY 205,200 Level,2.87,2.87,2,19,0,12,33,0.0,1.44,Pass,Fail
Kunle Peters,250502565,CYBERSECURITY,MTH 201,200 Level,2.41,2.41,7,17,2,5,31,0.0,1.2,Pass,Fail
Kunle Raji,250502787,COMPUTER SCIENCE,CSC 201,200 Level,3.26,3.26,5,0,0,18,23,0.0,1.63,Third Class,Fail
Kunle Salisu,250501180,CYBERSECURITY,CHM 201,200 Level,2.03,2.03,1,4,2,1,8,0.0,1.01,Pass,Fail
Kunle Salisu,250501504,CYBERSECURITY,CSC 201,200 Level,3.58,3.58,6,18,4,48,76,5.0,4.29,Second Class Upper,First Class
Kunle Salisu,250502733,COMPUTER SCIENCE,CSC 201,200 Level,2.42,2.42,5,20,9,36,70,5.0,3.71,Second Class Upper,Second Class Upper
Kunle Usman,250501401,COMPUTER SCIENCE,CHM 201,200 Level,4.56,4.56,0,20,4,40,64,4.0,4.28,Second Class Upper,Second Class Upper
Lara Adeola,250501769,COMPUTER SCIENCE,CSC 201,200 Level,4.2,4.2,6,6,2,33,47,2.0,3.1,Second Class Lower,Third Class
Lara Adeyemi,250502199,ICT,CHM 207,200 Level,1.09,1.09,8,20,0,22,50,3.0,2.04,Third Class,Second Class Lower
Lara Adeyemi,250501541,COMPUTER SCIENCE,MTH 201,200 Level,3.23,3.23,7,7,5,25,44,1.0,2.12,Third Class,Pass
Lara Adeyemi,250501884,COMPUTER SCIENCE,CHM 201,200 Level,4.1,4.1,8,14,0,7,29,0.0,2.05,Third Class,Fail
Lara Adeyemi,250502795,CYBERSECURITY,GST 209,200 Level,0.88,0.88,2,1,8,17,28,0.0,0.44,Fail,Fail
Lara Afolabi,250501699,CYBERSECURITY,MTH 223,200 Level,2.67,2.67,8,20,1,7,36,0.0,1.34,Pass,Fail
Lara Babatunde,250502348,ICT,GST 209,200 Level,4.94,4.94,6,5,7,27,45,2.0,3.47,Second Class Lower,Second Class Lower
Lara Bello,250501429,CYBERSECURITY,PHY 201,200 Level,1.03,1.03,0,8,3,21,32,0.0,0.52,Fail,Fail
Lara Chukwu,250501695,COMPUTER SCIENCE,MTH 201,200 Level,3.25,3.25,2,19,2,16,39,0.0,1.62,Third Class,Fail
Lara Chukwu,250502021,COMPUTER SCIENCE,PHY 205,200 Level,1.84,1.84,10,10,8,51,79,5.0,3.42,Second Class Lower,Second Class Upper
Lara Chukwu,250502598,CYBERSECURITY,GST 211,200 Level,0.89,0.89,10,16,6,37,69,4.0,2.44,Third Class,Second Class Lower
Lara Chukwu,250501896,COMPUTER SCIENCE,GST 211,200 Level,1.82,1.82,2,14,4,29,49,2.0,1.91,Third Class,Third Class
Lara Danladi,250502814,COMPUTER SCIENCE,PHY 201,200 Level,0.87,0.87,0,20,10,13,43,1.0,0.94,Fail,Fail
Lara Danladi,250501762,COMPUTER SCIENCE,CSC 201,200 Level,1.62,1.62,1,6,10,19,36,0.0,0.81,Fail,Fail
Lara Danladi,250502281,COMPUTER SCIENCE,CHM 201,200 Level,3.66,3.66,4,17,6,3,30,0.0,1.83,Third Class,Fail
Lara Danladi,250501942,COMPUTER SCIENCE,CSC 201,200 Level,3.43,3.43,4,11,6,18,39,0.0,1.72,Third Class,Fail
Lara Danladi,250501419,CYBERSECURITY,MTH 201,200 Level,3.89,3.89,0,16,5,18,39,0.0,1.94,Third Class,Fail
Lara Danladi,250501449,ICT,MTH 201,200 Level,0.88,0.88,6,7,8,53,74,5.0,2.94,Second Class Lower,Second Class Upper
Lara Dikko,250502561,ICT,CSC 201,200 Level,1.57,1.57,8,13,9,10,40,1.0,1.28,Pass,Pass
Lara Ejike,250501341,ICT,PHY 205,200 Level,2.63,2.63,4,17,5,5,31,0.0,1.32,Pass,Fail
Lara Ejike,250501501,ICT,GST 211,200 Level,2.91,2.91,2,6,3,21,32,0.0,1.46,Pass,Fail
Lara Eze,250501849,ICT,MTH 223,200 Level,3.18,3.18,2,13,8,9,32,0.0,1.59,Third Class,Fail
Lara Fashola,250501316,ICT,CHM 201,200 Level,2.34,2.34,7,16,3,42,68,4.0,3.17,Second Class Lower,Second Class Upper
Lara Fashola,250502605,ICT,MTH 223,200 Level,2.84,2.84,10,4,10,36,60,4.0,3.42,Second Class Lower,Second Class Upper
Lara Gana,250502618,CYBERSECURITY,GST 211,200 Level,3.01,3.01,9,16,4,23,52,3.0,3.0,Second Class Lower,Second Class Lower
Lara Garba,250501197,COMPUTER SCIENCE,CSC 201,200 Level,4.54,4.54,2,5,7,5,19,0.0,2.27,Third Class,Fail
Lara Hassan,250502476,ICT,CHM 201,200 Level,4.14,4.14,5,8,0,4,17,0.0,2.07,Third Class,Fail
Lara Hassan,250502546,ICT,GST 211,200 Level,4.13,4.13,2,0,7,45,54,3.0,3.56,Second Class Upper,Second Class Lower
Lara Hassan,250501278,COMPUTER SCIENCE,GST 211,200 Level,3.66,3.66,3,0,6,25,34,0.0,1.83,Third Class,Fail
Lara Hassan,250502762,COMPUTER SCIENCE,CHM 201,200 Level,0.94,0.94,9,16,1,37,63,4.0,2.47,Third Class,Second Class Lower
Lara Ikenna,250501925,ICT,PHY 201,200 Level,0.6,0.6,4,13,6,3,26,0.0,0.3,Fail,Fail
Lara Kalu,250502492,CYBERSECURITY,PHY 205,200 Level,1.52,1.52,1,18,8,27,54,3.0,2.26,Third Class,Second Class Lower
Lara Kalu,250502541,ICT,GST 209,200 Level,0.98,0.98,9,11,9,28,57,3.0,1.99,Third Class,Second Class Lower
Lara Kalu,250501620,ICT,CHM 201,200 Level,1.33,1.33,9,9,5,35,58,3.0,2.16,Third Class,Second Class Lower
Lara Kalu,250501525,COMPUTER SCIENCE,PHY 201,200 Level,2.61,2.61,1,12,4,18,35,0.0,1.3,Pass,Fail
Lara Kalu,250502785,CYBERSECURITY,GST 209,200 Level,4.53,4.53,0,4,10,51,65,4.0,4.27,Second Class Upper,Second Class Upper
Lara Kalu,250502134,COMPUTER SCIENCE,MTH 223,200 Level,3.57,3.57,10,2,1,29,42,1.0,2.28,Third Class,Third Class
Lara Lawal,250502858,CYBERSECURITY,CHM 201,200 Level,4.29,4.29,5,7,6,51,69,4.0,4.14,Second Class Upper,Second Class Upper
Lara Lawal,250502718,COMPUTER SCIENCE,PHY 201,200 Level,4.93,4.93,0,13,2,53,68,4.0,4.46,Second Class Upper,Second Class Upper
Lara Lawal,250502907,CYBERSECURITY,CHM 207,200 Level,2.16,2.16,3,2,4,48,57,3.0,2.58,Second Class Lower,Second Class Lower
Lara Lawal,250501953,CYBERSECURITY,CHM 201,200 Level,4.61,4.61,5,12,7,21,45,2.0,3.3,Second Class Lower,Second Class Lower
Lara Madu,250501823,ICT,PHY 201,200 Level,2.29,2.29,1,8,9,40,58,3.0,2.64,Second Class Lower,Second Class Lower
Lara Musa,250502367,CYBERSECURITY,CSC 201,200 Level,4.59,4.59,7,0,0,27,34,0.0,2.3,Third Class,Fail
Lara Nwachukwu,250502698,ICT,GST 209,200 Level,4.83,4.83,0,0,7,44,51,3.0,3.92,Second Class Upper,Second Class Lower
Lara Nwosu,250502754,ICT,CSC 201,200 Level,4.89,4.89,0,13,9,0,22,0.0,2.44,Third Class,Fail
Lara Nwosu,250502224,COMPUTER SCIENCE,PHY 201,200 Level,2.39,2.39,8,10,9,23,50,3.0,2.7,Second Class Lower,Second Class Lower
Lara Nwosu,250502126,CYBERSECURITY,PHY 205,200 Level,0.89,0.89,5,20,2,35,62,4.0,2.44,Third Class,Second Class Lower
Lara Nwosu,250502982,CYBERSECURITY,MTH 201,200 Level,2.56,2.56,9,11,3,2,25,0.0,1.28,Pass,Fail
Lara Obi,250502467,CYBERSECURITY,MTH 223,200 Level,2.33,2.33,10,2,0,47,59,3.0,2.66,Second Class Lower,Second Class Lower
Lara Obi,250502475,COMPUTER SCIENCE,CSC 201,200 Level,3.5,3.5,9,15,6,10,40,1.0,2.25,Third Class,Third Class
Lara Obi,250502673,COMPUTER SCIENCE,CHM 201,200 Level,4.13,4.13,7,6,6,23,42,1.0,2.56,Second Class Lower,Third Class
Lara Okonkwo,250501995,COMPUTER SCIENCE,PHY 201,200 Level,0.91,0.91,10,7,7,58,82,5.0,2.96,Second Class Lower,Second Class Upper
Lara Okoro,250501306,CYBERSECURITY,MTH 223,200 Level,2.82,2.82,2,2,7,56,67,4.0,3.41,Second Class Lower,Second Class Upper
Lara Peters,250501339,COMPUTER SCIENCE,CSC 201,200 Level,0.94,0.94,4,0,3,37,44,1.0,0.97,Fail,Fail
Lara Peters,250501498,CYBERSECURITY,GST 211,200 Level,4.88,4.88,1,13,3,51,68,4.0,4.44,Second Class Upper,Second Class Upper
Lara Raji,250502596,COMPUTER SCIENCE,CHM 201,200 Level,1.73,1.73,6,7,4,46,63,4.0,2.86,Second Class Lower,Second Class Upper
Lara Raji,250502174,CYBERSECURITY,CHM 207,200 Level,3.35,3.35,3,2,1,57,63,4.0,3.68,Second Class Upper,Second Class Upper
Lara Salisu,250502013,COMPUTER SCIENCE,CHM 201,200 Level,0.68,0.68,9,15,3,55,82,5.0,2.84,Second Class Lower,Second Class Upper
Lara Usman,250501382,ICT,MTH 201,200 Level,3.33,3.33,6,3,8,5,22,0.0,1.66,Third Class,Fail
Miriam Adeola,250502849,ICT,CSC 201,200 Level,3.41,3.41,9,4,10,44,67,4.0,3.7,Second Class Upper,Second Class Upper
Miriam Adeola,250501808,COMPUTER SCIENCE,CSC 201,200 Level,2.53,2.53,3,8,9,25,45,2.0,2.26,Third Class,Third Class
Miriam Adeola,250502054,ICT,PHY 201,200 Level,4.99,4.99,4,9,3,13,29,0.0,2.5,Second Class Lower,Pass
Miriam Adeyemi,250501443,CYBERSECURITY,MTH 201,200 Level,2.17,2.17,2,20,9,54,85,5.0,3.58,Second Class Upper,Second Class Upper
Miriam Adeyemi,250502878,CYBERSECURITY,GST 209,200 Level,1.84,1.84,7,17,10,43,77,5.0,3.42,Second Class Lower,Second Class Upper
Miriam Adeyemi,250502499,COMPUTER SCIENCE,GST 211,200 Level,4.39,4.39,9,16,10,45,80,5.0,4.7,First Class,First Class
Miriam Adeyemi,250502559,CYBERSECURITY,CHM 207,200 Level,4.55,4.55,10,2,3,8,23,0.0,2.28,Third Class,Fail
Miriam Afolabi,250501964,CYBERSECURITY,PHY 205,200 Level,1.8,1.8,0,19,3,32,54,3.0,2.4,Third Class,Second Class Lower
Miriam Babatunde,250502557,CYBERSECURITY,GST 209,200 Level,2.35,2.35,7,19,2,20,48,2.0,2.17,Third Class,Third Class
Miriam Babatunde,250501749,CYBERSECURITY,CHM 201,200 Level,3.31,3.31,3,2,4,43,52,3.0,3.16,Second Class Lower,Second Class Lower
Miriam Babatunde,250502929,ICT,CHM 201,200 Level,0.79,0.79,7,8,4,37,56,3.0,1.9,Third Class,Second Class Lower
Miriam Bello,250502530,ICT,GST 211,200 Level,1.9,1.9,8,7,4,26,45,2.0,1.95,Third Class,Third Class
Miriam Chukwu,250502232,CYBERSECURITY,CSC 201,200 Level,1.46,1.46,4,13,0,59,76,5.0,3.23,Second Class Lower,Second Class Upper
Miriam Chukwu,250501858,ICT,GST 211,200 Level,3.04,3.04,0,3,7,34,44,1.0,2.02,Third Class,Pass
Miriam Chukwu,250501276,COMPUTER SCIENCE,GST 211,200 Level,4.09,4.09,7,14,3,32,56,3.0,3.54,Second Class Upper,Second Class Lower
Miriam Chukwu,250502197,COMPUTER SCIENCE,MTH 201,200 Level,4.86,4.86,1,13,6,7,27,0.0,2.43,Third Class,Fail
Miriam Danladi,250501537,COMPUTER SCIENCE,MTH 201,200 Level,1.61,1.61,0,12,6,53,71,5.0,3.3,Second Class Lower,Second Class Upper
Miriam Danladi,250501738,ICT,MTH 223,200 Level,2.48,2.48,0,3,10,41,54,3.0,2.74,Second Class Lower,Second Class Lower
Miriam Danladi,250502407,CYBERSECURITY,MTH 223,200 Level,4.13,4.13,3,8,2,60,73,5.0,4.56,First Class,First Class
Miriam Dikko,250501270,ICT,CHM 207,200 Level,4.14,4.14,10,11,2,17,40,1.0,2.57,Second Class Lower,Third Class
Miriam Dikko,250502462,COMPUTER SCIENCE,PHY 205,200 Level,0.98,0.98,8,12,4,38,62,4.0,2.49,Third Class,Second Class Lower
Miriam Ejike,250501421,COMPUTER SCIENCE,CSC 201,200 Level,4.05,4.05,10,10,0,20,40,1.0,2.52,Second Class Lower,Third Class
Miriam Ejike,250502657,ICT,PHY 205,200 Level,1.87,1.87,2,16,4,41,63,4.0,2.94,Second Class Lower,Second Class Upper
Miriam Ejike,250502269,ICT,MTH 223,200 Level,1.81,1.81,2,2,8,29,41,1.0,1.4,Pass,Pass
Miriam Eze,250502617,CYBERSECURITY,GST 211,200 Level,3.48,3.48,1,5,5,4,15,0.0,1.74,Third Class,Fail
Miriam Eze,250502580,COMPUTER SCIENCE,CHM 207,200 Level,1.54,1.54,9,8,3,57,77,5.0,3.27,Second Class Lower,Second Class Upper
Miriam Fashola,250502415,CYBERSECURITY,CSC 201,200 Level,4.71,4.71,0,19,4,46,69,4.0,4.36,Second Class Upper,Second Class Upper
Miriam Fashola,250502234,ICT,PHY 201,200 Level,3.43,3.43,2,18,1,51,72,5.0,4.22,Second Class Upper,First Class
Miriam Fashola,250502903,COMPUTER SCIENCE,MTH 201,200 Level,0.66,0.66,5,16,7,28,56,3.0,1.83,Third Class,Second Class Lower
Miriam Gana,250501900,CYBERSECURITY,PHY 201,200 Level,1.44,1.44,6,2,3,31,42,1.0,1.22,Pass,Pass
Miriam Gana,250502840,CYBERSECURITY,PHY 201,200 Level,2.17,2.17,7,10,0,57,74,5.0,3.58,Second Class Upper,Second Class Upper
Miriam Gana,250502860,CYBERSECURITY,MTH 223,200 Level,3.99,3.99,0,20,9,60,89,5.0,4.5,First Class,First Class
Miriam Garba,250501125,CYBERSECURITY,MTH 201,200 Level,2.42,2.42,5,10,8,36,59,3.0,2.71,Second Class Lower,Second Class Lower
Miriam Garba,250502206,CYBERSECURITY,CHM 207,200 Level,3.57,3.57,2,16,9,3,30,0.0,1.78,Third Class,Fail
Miriam Hassan,250502813,COMPUTER SCIENCE,PHY 201,200 Level,0.59,0.59,8,3,6,46,63,4.0,2.3,Third Class,Second Class Lower
Miriam Hassan,250501456,ICT,MTH 223,200 Level,0.55,0.55,6,20,7,48,81,5.0,2.78,Second Class Lower,Second Class Upper
Miriam Kalu,250502025,ICT,MTH 201,200 Level,2.63,2.63,10,10,4,18,42,1.0,1.82,Third Class,Pass
Miriam Kalu,250501869,CYBERSECURITY,CSC 201,200 Level,4.76,4.76,8,3,9,33,53,3.0,3.88,Second Class Upper,Second Class Lower
Miriam Kalu,250501880,COMPUTER SCIENCE,CHM 207,200 Level,1.54,1.54,10,12,7,60,89,5.0,3.27,Second Class Lower,Second Class Upper
Miriam Lawal,250501780,CYBERSECURITY,CHM 201,200 Level,3.62,3.62,7,6,0,60,73,5.0,4.31,Second Class Upper,First Class
Miriam Lawal,250502700,COMPUTER SCIENCE,MTH 223,200 Level,4.85,4.85,2,16,9,52,79,5.0,4.92,First Class,First Class
Miriam Madu,250501558,ICT,CHM 201,200 Level,3.9,3.9,0,17,3,3,23,0.0,1.95,Third Class,Fail
Miriam Madu,250502167,ICT,PHY 201,200 Level,2.78,2.78,0,14,4,15,33,0.0,1.39,Pass,Fail
Miriam Musa,250501086,ICT,PHY 205,200 Level,3.78,3.78,1,16,5,48,70,5.0,4.39,Second Class Upper,First Class
Miriam Musa,250501475,ICT,MTH 223,200 Level,4.97,4.97,6,2,3,41,52,3.0,3.98,Second Class Upper,Second Class Lower
Miriam Musa,250502267,ICT,PHY 201,200 Level,2.66,2.66,4,10,3,38,55,3.0,2.83,Second Class Lower,Second Class Lower
Miriam Nwachukwu,250501049,COMPUTER SCIENCE,MTH 201,200 Level,1.33,1.33,8,10,9,48,75,5.0,3.16,Second Class Lower,Second Class Upper
Miriam Nwachukwu,250502011,CYBERSECURITY,CSC 201,200 Level,4.94,4.94,9,13,4,37,63,4.0,4.47,Second Class Upper,Second Class Upper
Miriam Nwosu,250502376,CYBERSECURITY,GST 209,200 Level,2.5,2.5,4,18,8,58,88,5.0,3.75,Second Class Upper,First Class
Miriam Nwosu,250501114,ICT,PHY 201,200 Level,3.35,3.35,9,9,10,8,36,0.0,1.68,Third Class,Fail
Miriam Obi,250502621,COMPUTER SCIENCE,CHM 201,200 Level,0.77,0.77,5,4,6,0,15,0.0,0.38,Fail,Fail
Miriam Obi,250502327,CYBERSECURITY,CHM 201,200 Level,4.05,4.05,6,17,0,2,25,0.0,2.02,Third Class,Fail
Miriam Okafor,250501478,COMPUTER SCIENCE,PHY 201,200 Level,4.86,4.86,9,14,10,46,79,5.0,4.93,First Class,First Class
Miriam Okafor,250501263,ICT,MTH 223,200 Level,2.83,2.83,6,20,9,18,53,3.0,2.92,Second Class Lower,Second Class Lower
Miriam Okafor,250501344,COMPUTER SCIENCE,CHM 207,200 Level,2.29,2.29,2,0,1,41,44,1.0,1.64,Third Class,Pass
Miriam Okafor,250501355,ICT,CHM 207,200 Level,3.39,3.39,7,11,5,49,72,5.0,4.2,Second Class Upper,First Class
Miriam Okafor,250501816,ICT,PHY 201,200 Level,3.16,3.16,3,10,3,1,17,0.0,1.58,Third Class,Fail
Miriam Okonkwo,250502172,COMPUTER SCIENCE,PHY 201,200 Level,3.34,3.34,1,9,4,0,14,0.0,1.67,Third Class,Fail
Miriam Okonkwo,250501752,COMPUTER SCIENCE,MTH 223,200 Level,3.32,3.32,7,20,6,45,78,5.0,4.16,Second Class Upper,First Class
Miriam Okonkwo,250502581,CYBERSECURITY,PHY 201,200 Level,2.26,2.26,0,1,3,35,39,0.0,1.13,Pass,Fail
Miriam Okoro,250502882,CYBERSECURITY,PHY 205,200 Level,3.36,3.36,10,11,10,41,72,5.0,4.18,Second Class Upper,First Class
Miriam Okoro,250502848,ICT,PHY 205,200 Level,4.49,4.49,6,16,2,54,78,5.0,4.74,First Class,First Class
Miriam Okoro,250501783,COMPUTER SCIENCE,CHM 207,200 Level,2.06,2.06,6,3,10,3,22,0.0,1.03,Pass,Fail
Miriam Okoro,250502509,ICT,MTH 223,200 Level,3.94,3.94,0,16,1,8,25,0.0,1.97,Third Class,Fail
Miriam Raji,250501063,ICT,MTH 223,200 Level,2.11,2.11,0,6,9,16,31,0.0,1.06,Pass,Fail
Miriam Raji,250501724,COMPUTER SCIENCE,CHM 201,200 Level,3.09,3.09,7,5,3,22,37,0.0,1.54,Third Class,Fail
Miriam Salisu,250502237,CYBERSECURITY,GST 211,200 Level,2.63,2.63,7,7,7,16,37,0.0,1.32,Pass,Fail
Miriam Usman,250502753,ICT,CHM 207,200 Level,1.59,1.59,1,3,0,27,31,0.0,0.8,Fail,Fail
Miriam Usman,250502461,CYBERSECURITY,PHY 201,200 Level,3.43,3.43,3,1,8,57,69,4.0,3.72,Second Class Upper,Second Class Upper
Miriam Usman,250502420,COMPUTER SCIENCE,CSC 201,200 Level,1.92,1.92,4,17,5,5,31,0.0,0.96,Fail,Fail
Musa Adeola,250502641,ICT,GST 211,200 Level,4.29,4.29,0,0,5,60,65,4.0,4.14,Second Class Upper,Second Class Upper
Musa Adeola,250502797,CYBERSECURITY,CHM 207,200 Level,0.82,0.82,8,8,6,22,44,1.0,0.91,Fail,Fail
Musa Adeyemi,250501664,ICT,CHM 207,200 Level,0.96,0.96,4,7,6,38,55,3.0,1.98,Third Class,Second Class Lower
Musa Adeyemi,250502897,ICT,CHM 201,200 Level,1.35,1.35,0,9,8,18,35,0.0,0.68,Fail,Fail
Musa Afolabi,250501277,COMPUTER SCIENCE,CSC 201,200 Level,3.42,3.42,5,11,8,4,28,0.0,1.71,Third Class,Fail
Musa Babatunde,250502347,COMPUTER SCIENCE,PHY 201,200 Level,2.17,2.17,0,8,10,32,50,3.0,2.58,Second Class Lower,Second Class Lower
Musa Babatunde,250501982,ICT,PHY 201,200 Level,0.98,0.98,0,10,0,19,29,0.0,0.49,Fail,Fail
Musa Bello,250502439,COMPUTER SCIENCE,PHY 205,200 Level,3.53,3.53,6,12,3,7,28,0.0,1.76,Third Class,Fail
Musa Bello,250501209,COMPUTER SCIENCE,PHY 201,200 Level,1.22,1.22,7,8,9,2,26,0.0,0.61,Fail,Fail
Musa Chukwu,250502947,CYBERSECURITY,CHM 201,200 Level,1.16,1.16,9,0,3,48,60,4.0,2.58,Second Class Lower,Second Class Lower
Musa Chukwu,250501978,ICT,GST 211,200 Level,2.73,2.73,5,14,10,51,80,5.0,3.86,Second Class Upper,First Class
Musa Chukwu,250501805,COMPUTER SCIENCE,MTH 201,200 Level,3.81,3.81,3,7,2,24,36,0.0,1.9,Third Class,Fail
Musa Chukwu,250501361,CYBERSECURITY,CHM 201,200 Level,3.39,3.39,9,8,0,30,47,2.0,2.7,Second Class Lower,Third Class
Musa Chukwu,250501216,COMPUTER SCIENCE,CSC 201,200 Level,1.96,1.96,9,9,5,54,77,5.0,3.48,Second Class Lower,Second Class Upper
Musa Danladi,250502249,COMPUTER SCIENCE,MTH 223,200 Level,3.27,3.27,4,6,5,39,54,3.0,3.14,Second Class Lower,Second Class Lower
Musa Danladi,250502637,CYBERSECURITY,MTH 223,200 Level,1.19,1.19,10,13,0,16,39,0.0,0.6,Fail,Fail
Musa Danladi,250502864,COMPUTER SCIENCE,PHY 201,200 Level,4.93,4.93,9,12,0,9,30,0.0,2.46,Third Class,Fail
Musa Dikko,250501119,COMPUTER SCIENCE,GST 209,200 Level,2.93,2.93,2,3,9,27,41,1.0,1.96,Third Class,Pass
Musa Ejike,250501272,ICT,CHM 201,200 Level,4.4,4.4,6,10,5,45,66,4.0,4.2,Second Class Upper,Second Class Upper
Musa Ejike,250501641,ICT,GST 211,200 Level,1.95,1.95,7,9,7,17,40,1.0,1.48,Pass,Pass
Musa Ejike,250502095,COMPUTER SCIENCE,MTH 201,200 Level,1.29,1.29,2,8,3,58,71,5.0,3.14,Second Class Lower,Second Class Upper
Musa Eze,250501007,CYBERSECURITY,PHY 205,200 Level,4.4,4.4,8,17,2,33,60,4.0,4.2,Second Class Upper,Second Class Upper
Musa Eze,250502277,COMPUTER SCIENCE,PHY 205,200 Level,4.94,4.94,4,0,9,51,64,4.0,4.47,Second Class Upper,Second Class Upper
Musa Eze,250502887,ICT,PHY 205,200 Level,1.61,1.61,2,4,6,34,46,2.0,1.81,Third Class,Third Class
Musa Gana,250502742,ICT,GST 211,200 Level,3.96,3.96,2,10,2,56,70,5.0,4.48,Second Class Upper,First Class
Musa Gana,250502356,ICT,CHM 207,200 Level,4.55,4.55,0,7,6,42,55,3.0,3.78,Second Class Upper,Second Class Lower
Musa Gana,250502983,CYBERSECURITY,GST 209,200 Level,2.67,2.67,10,19,5,58,92,5.0,3.84,Second Class Upper,First Class
Musa Garba,250501315,ICT,CHM 207,200 Level,3.63,3.63,0,6,5,11,22,0.0,1.82,Third Class,Fail
Musa Garba,250501167,CYBERSECURITY,MTH 223,200 Level,1.34,1.34,10,18,10,23,61,4.0,2.67,Second Class Lower,Second Class Lower
Musa Hassan,250502635,COMPUTER SCIENCE,GST 209,200 Level,1.56,1.56,5,1,2,8,16,0.0,0.78,Fail,Fail
Musa Hassan,250502881,ICT,PHY 205,200 Level,4.43,4.43,9,10,9,46,74,5.0,4.72,First Class,First Class
Musa Hassan,250501171,CYBERSECURITY,PHY 201,200 Level,0.57,0.57,5,17,1,6,29,0.0,0.28,Fail,Fail
Musa Ikenna,250501599,CYBERSECURITY,PHY 201,200 Level,0.68,0.68,8,12,5,24,49,2.0,1.34,Pass,Third Class
Musa Ikenna,250501505,COMPUTER SCIENCE,GST 209,200 Level,1.23,1.23,9,10,1,0,20,0.0,0.62,Fail,Fail
Musa Ikenna,250501136,ICT,PHY 205,200 Level,2.83,2.83,10,0,4,12,26,0.0,1.42,Pass,Fail
Musa James,250501028,COMPUTER SCIENCE,MTH 223,200 Level,3.17,3.17,3,13,9,60,85,5.0,4.08,Second Class Upper,First Class
Musa James,250502885,CYBERSECURITY,PHY 201,200 Level,2.58,2.58,1,14,10,17,42,1.0,1.79,Third Class,Pass
Musa Kalu,250502191,CYBERSECURITY,CHM 201,200 Level,3.12,3.12,8,7,7,1,23,0.0,1.56,Third Class,Fail
Musa Kalu,250502477,CYBERSECURITY,PHY 205,200 Level,3.93,3.93,5,3,6,56,70,5.0,4.46,Second Class Upper,First Class
Musa Kalu,250502314,COMPUTER SCIENCE,PHY 201,200 Level,2.54,2.54,4,14,0,22,40,1.0,1.77,Third Class,Pass
Musa Madu,250502974,CYBERSECURITY,CHM 201,200 Level,1.84,1.84,4,18,7,12,41,1.0,1.42,Pass,Pass
Musa Musa,250502187,COMPUTER SCIENCE,GST 209,200 Level,0.81,0.81,9,18,7,14,48,2.0,1.4,Pass,Third Class
Musa Nwachukwu,250502463,CYBERSECURITY,GST 209,200 Level,3.46,3.46,0,6,0,23,29,0.0,1.73,Third Class,Fail
Musa Nwosu,250501407,CYBERSECURITY,GST 211,200 Level,0.55,0.55,0,11,10,42,63,4.0,2.28,Third Class,Second Class Lower
Musa Obi,250502069,ICT,CHM 201,200 Level,1.79,1.79,5,10,0,10,25,0.0,0.9,Fail,Fail
Musa Obi,250501750,CYBERSECURITY,MTH 201,200 Level,1.03,1.03,2,20,6,7,35,0.0,0.52,Fail,Fail
Musa Obi,250501485,ICT,MTH 201,200 Level,4.56,4.56,5,5,1,25,36,0.0,2.28,Third Class,Fail
Musa Okafor,250502073,COMPUTER SCIENCE,CHM 207,200 Level,0.58,0.58,9,17,8,18,52,3.0,1.79,Third Class,Second Class Lower
Musa Okafor,250502587,ICT,MTH 201,200 Level,2.32,2.32,5,1,10,9,25,0.0,1.16,Pass,Fail
Musa Okonkwo,250501062,CYBERSECURITY,CHM 201,200 Level,4.23,4.23,0,10,3,36,49,2.0,3.12,Second Class Lower,Third Class
Musa Okonkwo,250501839,COMPUTER SCIENCE,GST 211,200 Level,3.35,3.35,1,11,10,57,79,5.0,4.18,Second Class Upper,First Class
Musa Okonkwo,250501990,COMPUTER SCIENCE,CHM 207,200 Level,4.1,4.1,3,5,3,48,59,3.0,3.55,Second Class Upper,Second Class Lower
Musa Okoro,250502366,ICT,MTH 223,200 Level,3.72,3.72,3,2,7,17,29,0.0,1.86,Third Class,Fail
Musa Peters,250501796,COMPUTER SCIENCE,GST 209,200 Level,4.69,4.69,2,16,2,15,35,0.0,2.35,Third Class,Fail
Musa Peters,250502445,CYBERSECURITY,GST 209,200 Level,1.3,1.3,1,8,7,25,41,1.0,1.15,Pass,Pass
Musa Raji,250502821,ICT,CHM 207,200 Level,1.05,1.05,2,18,10,58,88,5.0,3.02,Second Class Lower,Second Class Upper
Musa Salisu,250502666,COMPUTER SCIENCE,PHY 201,200 Level,1.44,1.44,7,16,7,60,90,5.0,3.22,Second Class Lower,Second Class Upper
Musa Salisu,250501438,COMPUTER SCIENCE,GST 209,200 Level,3.68,3.68,10,6,8,4,28,0.0,1.84,Third Class,Fail
Musa Salisu,250502006,CYBERSECURITY,CHM 207,200 Level,3.62,3.62,2,11,2,6,21,0.0,1.81,Third Class,Fail
Musa Salisu,250501363,CYBERSECURITY,CHM 201,200 Level,2.96,2.96,5,7,4,12,28,0.0,1.48,Pass,Fail
Ngozi Adeola,250501729,ICT,MTH 201,200 Level,1.24,1.24,2,19,6,9,36,0.0,0.62,Fail,Fail
Ngozi Adeola,250501384,ICT,PHY 201,200 Level,3.81,3.81,0,15,4,55,74,5.0,4.4,Second Class Upper,First Class
Ngozi Adeola,250502428,CYBERSECURITY,GST 211,200 Level,3.38,3.38,5,8,9,0,22,0.0,1.69,Third Class,Fail
Ngozi Adeyemi,250501826,CYBERSECURITY,CHM 201,200 Level,2.06,2.06,10,9,4,20,43,1.0,1.53,Third Class,Pass
Ngozi Adeyemi,250502632,COMPUTER SCIENCE,GST 211,200 Level,3.49,3.49,9,8,1,28,46,2.0,2.74,Second Class Lower,Third Class
Ngozi Afolabi,250502898,COMPUTER SCIENCE,GST 211,200 Level,2.1,2.1,4,18,7,28,57,3.0,2.55,Second Class Lower,Second Class Lower
Ngozi Afolabi,250502574,COMPUTER SCIENCE,GST 211,200 Level,1.48,1.48,10,3,4,49,66,4.0,2.74,Second Class Lower,Second Class Lower
Ngozi Afolabi,250501138,COMPUTER SCIENCE,CHM 201,200 Level,2.14,2.14,9,9,3,1,22,0.0,1.07,Pass,Fail
Ngozi Babatunde,250501330,CYBERSECURITY,MTH 223,200 Level,2.1,2.1,8,19,10,23,60,4.0,3.05,Second Class Lower,Second Class Upper
Ngozi Chukwu,250501186,ICT,CHM 201,200 Level,4.18,4.18,10,6,9,56,81,5.0,4.59,First Class,First Class
Ngozi Chukwu,250501043,COMPUTER SCIENCE,MTH 223,200 Level,4.59,4.59,9,1,3,17,30,0.0,2.3,Third Class,Fail
Ngozi Danladi,250501518,COMPUTER SCIENCE,GST 211,200 Level,4.94,4.94,3,16,7,17,43,1.0,2.97,Second Class Lower,Third Class
Ngozi Dikko,250501952,ICT,PHY 201,200 Level,1.29,1.29,2,5,3,9,19,0.0,0.64,Fail,Fail
Ngozi Dikko,250501800,CYBERSECURITY,CHM 201,200 Level,3.68,3.68,0,1,8,10,19,0.0,1.84,Third Class,Fail
Ngozi Eze,250502597,COMPUTER SCIENCE,PHY 201,200 Level,0.86,0.86,7,1,1,32,41,1.0,0.93,Fail,Fail
Ngozi Eze,250502696,COMPUTER SCIENCE,PHY 201,200 Level,0.62,0.62,9,5,0,40,54,3.0,1.81,Third Class,Second Class Lower
Ngozi Eze,250501711,COMPUTER SCIENCE,MTH 201,200 Level,3.18,3.18,4,18,5,47,74,5.0,4.09,Second Class Upper,First Class
Ngozi Eze,250502678,COMPUTER SCIENCE,GST 209,200 Level,1.28,1.28,3,5,9,24,41,1.0,1.14,Pass,Pass
Ngozi Eze,250502207,ICT,CHM 201,200 Level,2.51,2.51,9,4,7,31,51,3.0,2.76,Second Class Lower,Second Class Lower
Ngozi Fashola,250502143,ICT,MTH 223,200 Level,3.05,3.05,5,10,4,10,29,0.0,1.52,Third Class,Fail
Ngozi Fashola,250501273,CYBERSECURITY,GST 211,200 Level,4.61,4.61,10,1,3,48,62,4.0,4.3,Second Class Upper,Second Class Upper
Ngozi Gana,250501970,ICT,MTH 201,200 Level,3.49,3.49,10,12,1,46,69,4.0,3.74,Second Class Upper,Second Class Upper
Ngozi Hassan,250501405,ICT,CSC 201,200 Level,4.53,4.53,3,10,7,19,39,0.0,2.26,Third Class,Fail
Ngozi Hassan,250501139,ICT,GST 211,200 Level,4.87,4.87,7,20,2,38,67,4.0,4.44,Second Class Upper,Second Class Upper
Ngozi Hassan,250501528,COMPUTER SCIENCE,GST 209,200 Level,0.75,0.75,8,4,9,6,27,0.0,0.38,Fail,Fail
Ngozi Hassan,250502346,CYBERSECURITY,GST 209,200 Level,2.06,2.06,0,17,0,18,35,0.0,1.03,Pass,Fail
Ngozi Hassan,250502260,CYBERSECURITY,CSC 201,200 Level,1.71,1.71,4,17,4,6,31,0.0,0.86,Fail,Fail
Ngozi Hassan,250501861,COMPUTER SCIENCE,GST 211,200 Level,2.54,2.54,2,3,4,60,69,4.0,3.27,Second Class Lower,Second Class Upper
Ngozi Hassan,250501807,CYBERSECURITY,CHM 201,200 Level,4.67,4.67,5,12,1,30,48,2.0,3.34,Second Class Lower,Second Class Lower
Ngozi Ikenna,250502342,CYBERSECURITY,CSC 201,200 Level,4.41,4.41,3,20,10,20,53,3.0,3.7,Second Class Upper,Second Class Lower
Ngozi Ikenna,250501381,COMPUTER SCIENCE,PHY 205,200 Level,3.64,3.64,10,11,9,30,60,4.0,3.82,Second Class Upper,Second Class Upper
Ngozi James,250501340,CYBERSECURITY,PHY 201,200 Level,2.71,2.71,4,9,2,60,75,5.0,3.86,Second Class Upper,First Class
Ngozi James,250501173,CYBERSECURITY,GST 211,200 Level,1.52,1.52,8,6,8,38,60,4.0,2.76,Second Class Lower,Second Class Upper
Ngozi James,250502965,COMPUTER SCIENCE,PHY 201,200 Level,3.14,3.14,1,19,6,4,30,0.0,1.57,Third Class,Fail
Ngozi Kalu,250501786,ICT,CHM 201,200 Level,3.13,3.13,6,10,4,47,67,4.0,3.56,Second Class Upper,Second Class Upper
Ngozi Kalu,250501496,ICT,CHM 207,200 Level,3.13,3.13,2,3,8,38,51,3.0,3.06,Second Class Lower,Second Class Lower
Ngozi Kalu,250502385,ICT,MTH 201,200 Level,1.96,1.96,10,15,3,11,39,0.0,0.98,Fail,Fail
Ngozi Kalu,250501947,COMPUTER SCIENCE,PHY 201,200 Level,4.55,4.55,0,8,0,12,20,0.0,2.28,Third Class,Fail
Ngozi Lawal,250502922,COMPUTER SCIENCE,CSC 201,200 Level,3.29,3.29,4,7,2,42,55,3.0,3.14,Second Class Lower,Second Class Lower
Ngozi Lawal,250501058,ICT,GST 209,200 Level,0.7,0.7,8,19,7,40,74,5.0,2.85,Second Class Lower,Second Class Upper
Ngozi Lawal,250502777,CYBERSECURITY,CHM 201,200 Level,2.47,2.47,4,12,4,41,61,4.0,3.24,Second Class Lower,Second Class Upper
Ngozi Madu,250502894,CYBERSECURITY,PHY 205,200 Level,3.0,3.0,2,2,6,2,12,0.0,1.5,Third Class,Fail
Ngozi Musa,250502665,ICT,CHM 207,200 Level,4.33,4.33,10,9,5,23,47,2.0,3.16,Second Class Lower,Third Class
Ngozi Musa,250502432,ICT,MTH 223,200 Level,2.7,2.7,6,13,8,2,29,0.0,1.35,Pass,Fail
Ngozi Nwachukwu,250502572,CYBERSECURITY,GST 209,200 Level,3.82,3.82,8,14,2,46,70,5.0,4.41,Second Class Upper,First Class
Ngozi Nwachukwu,250501872,ICT,CHM 207,200 Level,3.4,3.4,9,18,3,30,60,4.0,3.7,Second Class Upper,Second Class Upper
Ngozi Nwosu,250502195,ICT,PHY 205,200 Level,4.42,4.42,0,15,1,22,38,0.0,2.21,Third Class,Fail
Ngozi Nwosu,250502423,CYBERSECURITY,CHM 207,200 Level,1.17,1.17,10,12,7,34,63,4.0,2.58,Second Class Lower,Second Class Lower
Ngozi Obi,250502400,ICT,GST 209,200 Level,1.25,1.25,6,19,0,35,60,4.0,2.62,Second Class Lower,Second Class Lower
Ngozi Obi,250501758,COMPUTER SCIENCE,PHY 205,200 Level,4.52,4.52,10,16,9,58,93,5.0,4.76,First Class,First Class
Ngozi Obi,250501178,CYBERSECURITY,MTH 201,200 Level,4.72,4.72,4,16,9,42,71,5.0,4.86,First Class,First Class
Ngozi Obi,250501302,COMPUTER SCIENCE,CHM 201,200 Level,2.93,2.93,8,18,9,22,57,3.0,2.96,Second Class Lower,Second Class Lower
Ngozi Okafor,250501312,CYBERSECURITY,CSC 201,200 Level,0.61,0.61,7,1,0,5,13,0.0,0.3,Fail,Fail
Ngozi Okonkwo,250501113,CYBERSECURITY,MTH 223,200 Level,4.14,4.14,9,7,9,10,35,0.0,2.07,Third Class,Fail
Ngozi Okonkwo,250502798,ICT,GST 209,200 Level,0.82,0.82,2,8,2,1,13,0.0,0.41,Fail,Fail
Ngozi Okonkwo,250501655,CYBERSECURITY,PHY 205,200 Level,1.07,1.07,4,14,8,9,35,0.0,0.54,Fail,Fail
Ngozi Okoro,250501894,COMPUTER SCIENCE,CHM 201,200 Level,3.51,3.51,6,7,7,50,70,5.0,4.26,Second Class Upper,First Class
Ngozi Okoro,250502545,ICT,PHY 201,200 Level,2.68,2.68,1,20,9,49,79,5.0,3.84,Second Class Upper,First Class
Ngozi Raji,250501111,CYBERSECURITY,CSC 201,200 Level,1.23,1.23,8,10,8,57,83,5.0,3.12,Second Class Lower,Second Class Upper
Ngozi Raji,250502500,COMPUTER SCIENCE,CHM 207,200 Level,2.84,2.84,8,12,9,55,84,5.0,3.92,Second Class Upper,First Class
Ngozi Raji,250502852,ICT,CHM 201,200 Level,4.38,4.38,2,3,0,20,25,0.0,2.19,Third Class,Fail
Ngozi Salisu,250502525,ICT,GST 209,200 Level,1.66,1.66,0,15,5,47,67,4.0,2.83,Second Class Lower,Second Class Upper
Ngozi Salisu,250501292,ICT,CHM 207,200 Level,4.2,4.2,5,16,3,11,35,0.0,2.1,Third Class,Fail
Ngozi Usman,250502089,COMPUTER SCIENCE,MTH 223,200 Level,1.54,1.54,9,16,1,40,66,4.0,2.77,Second Class Lower,Second Class Upper
Ngozi Usman,250501417,ICT,CSC 201,200 Level,1.98,1.98,4,9,9,55,77,5.0,3.49,Second Class Lower,Second Class Upper
Ngozi Usman,250501819,CYBERSECURITY,MTH 201,200 Level,2.01,2.01,7,1,0,8,16,0.0,1.0,Pass,Fail
Ngozi Usman,250501491,ICT,GST 209,200 Level,3.29,3.29,5,19,6,41,71,5.0,4.14,Second Class Upper,First Class
Ngozi Usman,250502955,COMPUTER SCIENCE,PHY 205,200 Level,4.7,4.7,10,7,4,37,58,3.0,3.85,Second Class Upper,Second Class Lower
Nkechi Adeola,250502812,CYBERSECURITY,CHM 207,200 Level,1.69,1.69,3,1,7,45,56,3.0,2.34,Third Class,Second Class Lower
Nkechi Adeyemi,250502304,CYBERSECURITY,PHY 201,200 Level,3.69,3.69,0,20,3,49,72,5.0,4.34,Second Class Upper,First Class
Nkechi Adeyemi,250501889,ICT,CHM 207,200 Level,1.59,1.59,4,11,7,21,43,1.0,1.3,Pass,Pass
Nkechi Adeyemi,250501071,CYBERSECURITY,CSC 201,200 Level,1.39,1.39,0,18,4,2,24,0.0,0.7,Fail,Fail
Nkechi Adeyemi,250502528,COMPUTER SCIENCE,GST 211,200 Level,4.11,4.11,6,12,6,49,73,5.0,4.56,First Class,First Class
Nkechi Adeyemi,250502945,CYBERSECURITY,MTH 223,200 Level,2.83,2.83,10,11,10,21,52,3.0,2.92,Second Class Lower,Second Class Lower
Nkechi Afolabi,250501649,ICT,GST 209,200 Level,2.74,2.74,0,20,7,0,27,0.0,1.37,Pass,Fail
Nkechi Afolabi,250502628,ICT,PHY 205,200 Level,0.94,0.94,1,8,2,48,59,3.0,1.97,Third Class,Second Class Lower
Nkechi Bello,250502458,CYBERSECURITY,GST 211,200 Level,1.47,1.47,4,11,4,18,37,0.0,0.74,Fail,Fail
Nkechi Bello,250501463,COMPUTER SCIENCE,MTH 201,200 Level,3.13,3.13,0,7,6,16,29,0.0,1.56,Third Class,Fail
Nkechi Chukwu,250502704,CYBERSECURITY,PHY 205,200 Level,2.48,2.48,4,2,6,9,21,0.0,1.24,Pass,Fail
Nkechi Danladi,250502150,CYBERSECURITY,CHM 207,200 Level,3.69,3.69,8,11,9,48,76,5.0,4.34,Second Class Upper,First Class
Nkechi Dikko,250501156,COMPUTER SCIENCE,PHY 205,200 Level,3.52,3.52,2,8,0,43,53,3.0,3.26,Second Class Lower,Second Class Lower
Nkechi Dikko,250502952,COMPUTER SCIENCE,MTH 201,200 Level,3.19,3.19,2,20,7,15,44,1.0,2.09,Third Class,Pass
Nkechi Dikko,250501034,CYBERSECURITY,MTH 201,200 Level,4.85,4.85,7,10,0,48,65,4.0,4.42,Second Class Upper,Second Class Upper
Nkechi Dikko,250501476,ICT,MTH 223,200 Level,0.83,0.83,1,13,8,13,35,0.0,0.42,Fail,Fail
Nkechi Dikko,250502154,ICT,MTH 201,200 Level,3.28,3.28,10,15,5,24,54,3.0,3.14,Second Class Lower,Second Class Lower
Nkechi Eze,250502925,COMPUTER SCIENCE,MTH 223,200 Level,0.92,0.92,7,15,6,25,53,3.0,1.96,Third Class,Second Class Lower
Nkechi Fashola,250501039,COMPUTER SCIENCE,CHM 207,200 Level,2.48,2.48,1,5,9,58,73,5.0,3.74,Second Class Upper,Second Class Upper
Nkechi Fashola,250502405,CYBERSECURITY,CHM 207,200 Level,2.64,2.64,2,3,8,43,56,3.0,2.82,Second Class Lower,Second Class Lower
Nkechi Gana,250502516,CYBERSECURITY,GST 209,200 Level,3.41,3.41,5,5,10,53,73,5.0,4.2,Second Class Upper,First Class
Nkechi Gana,250501275,CYBERSECURITY,MTH 201,200 Level,2.76,2.76,1,8,7,12,28,0.0,1.38,Pass,Fail
Nkechi Garba,250501326,CYBERSECURITY,GST 211,200 Level,2.99,2.99,10,16,7,5,38,0.0,1.5,Third Class,Fail
Nkechi Garba,250501376,COMPUTER SCIENCE,CSC 201,200 Level,4.3,4.3,2,11,1,1,15,0.0,2.15,Third Class,Fail
Nkechi Ikenna,250502128,CYBERSECURITY,GST 211,200 Level,2.18,2.18,8,1,6,40,55,3.0,2.59,Second Class Lower,Second Class Lower
Nkechi James,250501137,ICT,PHY 205,200 Level,3.66,3.66,7,9,1,30,47,2.0,2.83,Second Class Lower,Third Class
Nkechi Kalu,250502033,CYBERSECURITY,CHM 207,200 Level,1.04,1.04,10,16,2,8,36,0.0,0.52,Fail,Fail
Nkechi Kalu,250502181,COMPUTER SCIENCE,GST 211,200 Level,2.04,2.04,0,2,3,15,20,0.0,1.02,Pass,Fail
Nkechi Lawal,250502693,COMPUTER SCIENCE,CHM 201,200 Level,1.16,1.16,8,18,3,30,59,3.0,2.08,Third Class,Second Class Lower
Nkechi Lawal,250501240,CYBERSECURITY,MTH 223,200 Level,4.73,4.73,7,15,5,24,51,3.0,3.86,Second Class Upper,Second Class Lower
Nkechi Lawal,250501010,ICT,GST 209,200 Level,0.59,0.59,3,20,9,39,71,5.0,2.8,Second Class Lower,Second Class Upper
Nkechi Madu,250501123,CYBERSECURITY,CHM 207,200 Level,1.0,1.0,3,5,6,18,32,0.0,0.5,Fail,Fail
Nkechi Madu,250501357,COMPUTER SCIENCE,MTH 201,200 Level,3.14,3.14,7,12,3,6,28,0.0,1.57,Third Class,Fail
Nkechi Musa,250501409,ICT,CSC 201,200 Level,0.91,0.91,0,3,3,6,12,0.0,0.46,Fail,Fail
Nkechi Nwachukwu,250502479,COMPUTER SCIENCE,CSC 201,200 Level,2.46,2.46,10,11,1,51,73,5.0,3.73,Second Class Upper,Second Class Upper
Nkechi Nwosu,250502169,COMPUTER SCIENCE,GST 209,200 Level,1.79,1.79,10,14,7,1,32,0.0,0.9,Fail,Fail
Nkechi Obi,250501771,CYBERSECURITY,MTH 223,200 Level,4.31,4.31,9,17,5,29,60,4.0,4.15,Second Class Upper,Second Class Upper
Nkechi Okafor,250501089,COMPUTER SCIENCE,PHY 205,200 Level,2.62,2.62,5,13,9,44,71,5.0,3.81,Second Class Upper,First Class
Nkechi Okafor,250502273,COMPUTER SCIENCE,CSC 201,200 Level,0.68,0.68,5,13,1,49,68,4.0,2.34,Third Class,Second Class Lower
Nkechi Okonkwo,250502834,CYBERSECURITY,PHY 201,200 Level,4.15,4.15,10,14,4,4,32,0.0,2.08,Third Class,Fail
Nkechi Okoro,250501013,ICT,GST 209,200 Level,1.46,1.46,3,8,4,58,73,5.0,3.23,Second Class Lower,Second Class Upper
Nkechi Okoro,250501938,COMPUTER SCIENCE,CHM 201,200 Level,1.03,1.03,9,0,4,12,25,0.0,0.52,Fail,Fail
Nkechi Okoro,250501194,CYBERSECURITY,MTH 201,200 Level,2.03,2.03,1,12,6,32,51,3.0,2.51,Second Class Lower,Second Class Lower
Nkechi Peters,250502298,CYBERSECURITY,CSC 201,200 Level,3.36,3.36,6,12,8,29,55,3.0,3.18,Second Class Lower,Second Class Lower
Nkechi Peters,250502654,CYBERSECURITY,CHM 207,200 Level,0.89,0.89,4,1,10,49,64,4.0,2.44,Third Class,Second Class Lower
Nkechi Peters,250501369,CYBERSECURITY,GST 211,200 Level,0.81,0.81,8,15,3,8,34,0.0,0.4,Fail,Fail
Nkechi Raji,250501998,COMPUTER SCIENCE,PHY 205,200 Level,4.78,4.78,6,14,3,17,40,1.0,2.89,Second Class Lower,Third Class
Nkechi Raji,250502756,COMPUTER SCIENCE,PHY 205,200 Level,4.82,4.82,6,15,5,35,61,4.0,4.41,Second Class Upper,Second Class Upper
Nkechi Raji,250502691,COMPUTER SCIENCE,PHY 205,200 Level,2.76,2.76,6,9,3,11,29,0.0,1.38,Pass,Fail
Nkechi Raji,250501904,ICT,MTH 223,200 Level,2.4,2.4,3,7,1,52,63,4.0,3.2,Second Class Lower,Second Class Upper
Nkechi Salisu,250502855,ICT,GST 209,200 Level,1.64,1.64,10,20,10,51,91,5.0,3.32,Second Class Lower,Second Class Upper
Nkechi Salisu,250501737,ICT,MTH 201,200 Level,4.17,4.17,2,4,9,31,46,2.0,3.08,Second Class Lower,Third Class
Nkechi Salisu,250501044,ICT,CHM 201,200 Level,1.66,1.66,4,4,1,44,53,3.0,2.33,Third Class,Second Class Lower
Nkechi Usman,250502739,ICT,GST 211,200 Level,2.36,2.36,8,0,8,15,31,0.0,1.18,Pass,Fail
Obiora Adeyemi,250502000,CYBERSECURITY,MTH 201,200 Level,1.33,1.33,7,10,6,22,45,2.0,1.66,Third Class,Third Class
Obiora Adeyemi,250502554,COMPUTER SCIENCE,MTH 223,200 Level,1.53,1.53,10,4,4,46,64,4.0,2.76,Second Class Lower,Second Class Lower
Obiora Adeyemi,250501204,CYBERSECURITY,GST 209,200 Level,3.23,3.23,8,2,9,12,31,0.0,1.62,Third Class,Fail
Obiora Afolabi,250501680,CYBERSECURITY,CHM 201,200 Level,4.18,4.18,5,14,7,44,70,5.0,4.59,First Class,First Class
Obiora Afolabi,250502241,CYBERSECURITY,CHM 207,200 Level,3.99,3.99,7,13,7,36,63,4.0,4.0,Second Class Upper,Second Class Upper
Obiora Afolabi,250501052,COMPUTER SCIENCE,GST 209,200 Level,4.73,4.73,8,7,7,31,53,3.0,3.86,Second Class Upper,Second Class Lower
Obiora Babatunde,250501346,COMPUTER SCIENCE,CHM 201,200 Level,3.36,3.36,4,7,1,59,71,5.0,4.18,Second Class Upper,First Class
Obiora Babatunde,250501170,ICT,CHM 201,200 Level,3.55,3.55,5,15,7,25,52,3.0,3.28,Second Class Lower,Second Class Lower
Obiora Bello,250501984,ICT,MTH 201,200 Level,3.78,3.78,9,1,0,13,23,0.0,1.89,Third Class,Fail
Obiora Bello,250501497,CYBERSECURITY,CHM 201,200 Level,0.85,0.85,7,16,4,6,33,0.0,0.42,Fail,Fail
Obiora Chukwu,250502502,ICT,PHY 201,200 Level,0.62,0.62,5,6,6,42,59,3.0,1.81,Third Class,Second Class Lower
Obiora Chukwu,250501523,CYBERSECURITY,PHY 201,200 Level,4.29,4.29,5,2,3,8,18,0.0,2.14,Third Class,Fail
Obiora Chukwu,250502576,COMPUTER SCIENCE,PHY 201,200 Level,0.61,0.61,7,14,1,13,35,0.0,0.3,Fail,Fail
Obiora Chukwu,250501321,CYBERSECURITY,MTH 223,200 Level,3.72,3.72,2,5,6,56,69,4.0,3.86,Second Class Upper,Second Class Upper
Obiora Danladi,250502589,ICT,PHY 205,200 Level,3.73,3.73,3,11,2,16,32,0.0,1.86,Third Class,Fail
Obiora Danladi,250501536,CYBERSECURITY,CHM 201,200 Level,4.32,4.32,3,3,10,18,34,0.0,2.16,Third Class,Fail
Obiora Danladi,250501676,ICT,MTH 201,200 Level,1.0,1.0,5,7,7,27,46,2.0,1.5,Third Class,Third Class
Obiora Danladi,250501708,COMPUTER SCIENCE,PHY 201,200 Level,1.65,1.65,5,4,6,16,31,0.0,0.82,Fail,Fail
Obiora Danladi,250502137,COMPUTER SCIENCE,GST 211,200 Level,2.73,2.73,9,17,9,36,71,5.0,3.86,Second Class Upper,First Class
Obiora Ejike,250502437,COMPUTER SCIENCE,PHY 201,200 Level,3.67,3.67,6,4,10,50,70,5.0,4.34,Second Class Upper,First Class
Obiora Ejike,250501019,ICT,GST 211,200 Level,1.81,1.81,3,3,7,57,70,5.0,3.4,Second Class Lower,Second Class Upper
Obiora Ejike,250501222,COMPUTER SCIENCE,MTH 201,200 Level,0.92,0.92,8,16,6,52,82,5.0,2.96,Second Class Lower,Second Class Upper
Obiora Ejike,250501797,CYBERSECURITY,PHY 201,200 Level,3.04,3.04,8,1,2,29,40,1.0,2.02,Third Class,Pass
Obiora Fashola,250502220,CYBERSECURITY,PHY 201,200 Level,4.78,4.78,3,15,10,59,87,5.0,4.89,First Class,First Class
Obiora Fashola,250501247,ICT,CSC 201,200 Level,4.85,4.85,7,13,1,55,76,5.0,4.92,First Class,First Class
Obiora Fashola,250501337,COMPUTER SCIENCE,PHY 201,200 Level,3.67,3.67,10,13,10,23,56,3.0,3.34,Second Class Lower,Second Class Lower
Obiora Fashola,250502853,COMPUTER SCIENCE,MTH 201,200 Level,4.31,4.31,4,16,0,18,38,0.0,2.15,Third Class,Fail
Obiora Fashola,250502854,CYBERSECURITY,CSC 201,200 Level,4.64,4.64,2,16,8,20,46,2.0,3.32,Second Class Lower,Second Class Lower
Obiora Fashola,250502311,ICT,GST 211,200 Level,4.53,4.53,3,12,8,5,28,0.0,2.26,Third Class,Fail
Obiora Garba,250502486,CYBERSECURITY,CHM 201,200 Level,2.28,2.28,8,6,5,12,31,0.0,1.14,Pass,Fail
Obiora Garba,250502205,CYBERSECURITY,CSC 201,200 Level,3.97,3.97,4,8,6,0,18,0.0,1.98,Third Class,Fail
Obiora Hassan,250502161,COMPUTER SCIENCE,CHM 201,200 Level,1.08,1.08,2,4,1,18,25,0.0,0.54,Fail,Fail
Obiora Ikenna,250502391,ICT,PHY 201,200 Level,0.83,0.83,1,5,8,18,32,0.0,0.42,Fail,Fail
Obiora Ikenna,250502841,COMPUTER SCIENCE,PHY 201,200 Level,2.44,2.44,8,20,3,23,54,3.0,2.72,Second Class Lower,Second Class Lower
Obiora James,250501540,CYBERSECURITY,CHM 207,200 Level,4.79,4.79,1,2,7,16,26,0.0,2.4,Third Class,Fail
Obiora James,250502353,COMPUTER SCIENCE,CHM 201,200 Level,3.76,3.76,3,10,1,14,28,0.0,1.88,Third Class,Fail
Obiora James,250501891,COMPUTER SCIENCE,MTH 223,200 Level,4.35,4.35,0,4,2,35,41,1.0,2.68,Second Class Lower,Third Class
Obiora James,250502830,CYBERSECURITY,PHY 205,200 Level,4.91,4.91,3,3,0,11,17,0.0,2.46,Third Class,Fail
Obiora James,250502092,ICT,GST 209,200 Level,3.23,3.23,4,13,9,1,27,0.0,1.62,Third Class,Fail
Obiora Kalu,250501572,ICT,CSC 201,200 Level,2.28,2.28,7,9,8,18,42,1.0,1.64,Third Class,Pass
Obiora Kalu,250502466,ICT,CHM 207,200 Level,4.9,4.9,6,2,10,22,40,1.0,2.95,Second Class Lower,Third Class
Obiora Lawal,250501495,CYBERSECURITY,CHM 207,200 Level,2.09,2.09,5,17,5,55,82,5.0,3.54,Second Class Upper,Second Class Upper
Obiora Lawal,250501104,COMPUTER SCIENCE,PHY 201,200 Level,4.58,4.58,5,2,8,41,56,3.0,3.79,Second Class Upper,Second Class Lower
Obiora Lawal,250501345,COMPUTER SCIENCE,MTH 223,200 Level,3.27,3.27,0,11,8,0,19,0.0,1.64,Third Class,Fail
Obiora Madu,250501870,ICT,GST 211,200 Level,2.18,2.18,7,20,9,48,84,5.0,3.59,Second Class Upper,Second Class Upper
Obiora Madu,250502008,COMPUTER SCIENCE,CSC 201,200 Level,1.62,1.62,1,18,7,51,77,5.0,3.31,Second Class Lower,Second Class Upper
Obiora Musa,250501755,ICT,CHM 207,200 Level,4.07,4.07,1,9,10,18,38,0.0,2.04,Third Class,Fail
Obiora Nwachukwu,250501542,COMPUTER SCIENCE,PHY 201,200 Level,1.53,1.53,4,14,1,21,40,1.0,1.27,Pass,Pass
Obiora Nwosu,250501434,COMPUTER SCIENCE,PHY 205,200 Level,0.88,0.88,6,18,7,32,63,4.0,2.44,Third Class,Second Class Lower
Obiora Nwosu,250502316,ICT,MTH 223,200 Level,2.87,2.87,5,20,1,21,47,2.0,2.44,Third Class,Third Class
Obiora Obi,250502503,ICT,MTH 201,200 Level,2.04,2.04,8,9,2,15,34,0.0,1.02,Pass,Fail
Obiora Obi,250501110,CYBERSECURITY,PHY 205,200 Level,1.8,1.8,10,7,7,6,30,0.0,0.9,Fail,Fail
Obiora Okafor,250501090,CYBERSECURITY,MTH 201,200 Level,1.04,1.04,7,10,5,9,31,0.0,0.52,Fail,Fail
Obiora Okonkwo,250502351,CYBERSECURITY,CHM 207,200 Level,3.1,3.1,2,5,2,53,62,4.0,3.55,Second Class Upper,Second Class Upper
Obiora Okoro,250502497,ICT,MTH 201,200 Level,2.59,2.59,5,18,4,3,30,0.0,1.3,Pass,Fail
Obiora Peters,250502715,COMPUTER SCIENCE,CSC 201,200 Level,4.98,4.98,1,5,6,19,31,0.0,2.49,Third Class,Fail
Obiora Peters,250501035,CYBERSECURITY,GST 211,200 Level,4.14,4.14,8,14,6,43,71,5.0,4.57,First Class,First Class
Obiora Peters,250502950,ICT,PHY 201,200 Level,0.9,0.9,2,1,7,13,23,0.0,0.45,Fail,Fail
Obiora Peters,250501712,CYBERSECURITY,MTH 223,200 Level,2.62,2.62,6,1,6,8,21,0.0,1.31,Pass,Fail
Obiora Raji,250501266,COMPUTER SCIENCE,CHM 201,200 Level,3.64,3.64,1,19,5,14,39,0.0,1.82,Third Class,Fail
Obiora Raji,250502038,ICT,MTH 223,200 Level,0.79,0.79,7,12,3,54,76,5.0,2.9,Second Class Lower,Second Class Upper
Obiora Salisu,250502146,COMPUTER SCIENCE,GST 211,200 Level,4.09,4.09,8,3,5,24,40,1.0,2.54,Second Class Lower,Third Class
Obiora Salisu,250501631,CYBERSECURITY,PHY 205,200 Level,4.53,4.53,1,2,7,15,25,0.0,2.26,Third Class,Fail
Obiora Salisu,250501945,COMPUTER SCIENCE,CSC 201,200 Level,0.55,0.55,1,12,5,48,66,4.0,2.28,Third Class,Second Class Lower
Obiora Usman,250502648,ICT,MTH 223,200 Level,4.02,4.02,5,0,6,2,13,0.0,2.01,Third Class,Fail
Obiora Usman,250501179,ICT,CHM 201,200 Level,1.12,1.12,4,16,5,38,63,4.0,2.56,Second Class Lower,Second Class Lower
Obiora Usman,250502141,COMPUTER SCIENCE,MTH 201,200 Level,2.07,2.07,7,0,8,20,35,0.0,1.03,Pass,Fail
Precious Adeola,250501621,CYBERSECURITY,CHM 201,200 Level,1.44,1.44,0,13,2,35,50,3.0,2.22,Third Class,Second Class Lower
Precious Adeola,250502464,ICT,GST 209,200 Level,5.0,5.0,10,9,6,33,58,3.0,4.0,Second Class Upper,Second Class Lower
Precious Adeola,250501208,COMPUTER SCIENCE,GST 209,200 Level,0.52,0.52,4,19,1,51,75,5.0,2.76,Second Class Lower,Second Class Upper
Precious Adeola,250502250,CYBERSECURITY,CHM 207,200 Level,4.08,4.08,7,12,9,11,39,0.0,2.04,Third Class,Fail
Precious Adeola,250501072,COMPUTER SCIENCE,PHY 201,200 Level,0.52,0.52,0,19,5,17,41,1.0,0.76,Fail,Fail
Precious Adeyemi,250501029,COMPUTER SCIENCE,GST 211,200 Level,0.71,0.71,7,17,9,2,35,0.0,0.36,Fail,Fail
Precious Adeyemi,250501056,ICT,PHY 201,200 Level,0.9,0.9,3,7,8,5,23,0.0,0.45,Fail,Fail
Precious Adeyemi,250501101,CYBERSECURITY,CHM 207,200 Level,3.36,3.36,9,14,7,54,84,5.0,4.18,Second Class Upper,First Class
Precious Adeyemi,250501931,CYBERSECURITY,CHM 201,200 Level,4.26,4.26,4,16,7,11,38,0.0,2.13,Third Class,Fail
Precious Afolabi,250502408,COMPUTER SCIENCE,PHY 205,200 Level,3.13,3.13,7,12,4,58,81,5.0,4.06,Second Class Upper,First Class
Precious Afolabi,250502044,ICT,CHM 201,200 Level,4.49,4.49,3,14,9,47,73,5.0,4.74,First Class,First Class
Precious Afolabi,250501470,ICT,GST 211,200 Level,0.55,0.55,0,16,6,42,64,4.0,2.28,Third Class,Second Class Lower
Precious Babatunde,250501083,COMPUTER SCIENCE,PHY 205,200 Level,0.79,0.79,8,20,5,47,80,5.0,2.9,Second Class Lower,Second Class Upper
Precious Bello,250502425,CYBERSECURITY,CHM 201,200 Level,4.84,4.84,1,9,3,24,37,0.0,2.42,Third Class,Fail
Precious Bello,250502584,CYBERSECURITY,MTH 223,200 Level,4.95,4.95,6,16,1,6,29,0.0,2.48,Third Class,Fail
Precious Chukwu,250502745,COMPUTER SCIENCE,GST 211,200 Level,2.67,2.67,7,11,10,57,85,5.0,3.84,Second Class Upper,First Class
Precious Danladi,250501116,COMPUTER SCIENCE,CSC 201,200 Level,4.12,4.12,1,16,8,34,59,3.0,3.56,Second Class Upper,Second Class Lower
Precious Danladi,250501360,ICT,PHY 201,200 Level,2.25,2.25,2,9,4,51,66,4.0,3.12,Second Class Lower,Second Class Upper
Precious Danladi,250502444,ICT,MTH 223,200 Level,4.41,4.41,7,9,9,46,71,5.0,4.7,First Class,First Class
Precious Danladi,250501693,CYBERSECURITY,GST 211,200 Level,1.59,1.59,10,14,3,58,85,5.0,3.3,Second Class Lower,Second Class Upper
Precious Dikko,250501679,CYBERSECURITY,GST 211,200 Level,4.39,4.39,3,3,8,47,61,4.0,4.2,Second Class Upper,Second Class Upper
Precious Dikko,250502239,CYBERSECURITY,GST 209,200 Level,1.33,1.33,1,0,10,43,54,3.0,2.16,Third Class,Second Class Lower
Precious Ejike,250501660,COMPUTER SCIENCE,GST 209,200 Level,2.1,2.1,4,3,10,45,62,4.0,3.05,Second Class Lower,Second Class Upper
Precious Ejike,250501580,COMPUTER SCIENCE,CHM 207,200 Level,2.57,2.57,10,5,1,0,16,0.0,1.28,Pass,Fail
Precious Eze,250502806,CYBERSECURITY,PHY 201,200 Level,3.48,3.48,7,13,2,10,32,0.0,1.74,Third Class,Fail
Precious Eze,250502222,COMPUTER SCIENCE,PHY 201,200 Level,2.45,2.45,3,8,1,23,35,0.0,1.23,Pass,Fail
Precious Eze,250502730,CYBERSECURITY,CSC 201,200 Level,1.88,1.88,10,0,1,47,58,3.0,2.44,Third Class,Second Class Lower
Precious Eze,250501040,CYBERSECURITY,CSC 201,200 Level,1.05,1.05,4,2,4,9,19,0.0,0.52,Fail,Fail
Precious Fashola,250502620,ICT,GST 209,200 Level,2.59,2.59,10,4,1,24,39,0.0,1.3,Pass,Fail
Precious Fashola,250502674,CYBERSECURITY,MTH 201,200 Level,4.06,4.06,8,17,4,8,37,0.0,2.03,Third Class,Fail
Precious Gana,250501368,COMPUTER SCIENCE,MTH 223,200 Level,1.38,1.38,3,2,3,23,31,0.0,0.69,Fail,Fail
Precious Garba,250502869,ICT,CHM 201,200 Level,3.77,3.77,5,19,2,57,83,5.0,4.38,Second Class Upper,First Class
Precious Hassan,250502586,CYBERSECURITY,CSC 201,200 Level,3.63,3.63,1,0,6,47,54,3.0,3.32,Second Class Lower,Second Class Lower
Precious Hassan,250502724,CYBERSECURITY,MTH 201,200 Level,3.61,3.61,9,17,7,34,67,4.0,3.8,Second Class Upper,Second Class Upper
Precious Hassan,250501129,ICT,MTH 201,200 Level,2.8,2.8,8,9,6,32,55,3.0,2.9,Second Class Lower,Second Class Lower
Precious Hassan,250501347,ICT,CHM 207,200 Level,0.7,0.7,8,15,6,45,74,5.0,2.85,Second Class Lower,Second Class Upper
Precious Hassan,250502410,CYBERSECURITY,GST 209,200 Level,1.43,1.43,0,3,5,3,11,0.0,0.72,Fail,Fail
Precious Ikenna,250501977,COMPUTER SCIENCE,CHM 207,200 Level,0.73,0.73,4,11,6,7,28,0.0,0.36,Fail,Fail
Precious Ikenna,250501172,CYBERSECURITY,GST 209,200 Level,2.8,2.8,2,15,4,56,77,5.0,3.9,Second Class Upper,First Class
Precious Ikenna,250502266,COMPUTER SCIENCE,GST 209,200 Level,2.27,2.27,5,14,8,60,87,5.0,3.64,Second Class Upper,Second Class Upper
Precious Ikenna,250502196,ICT,CHM 207,200 Level,4.88,4.88,5,8,9,48,70,5.0,4.94,First Class,First Class
Precious Ikenna,250502780,CYBERSECURITY,PHY 201,200 Level,0.67,0.67,8,11,5,16,40,1.0,0.84,Fail,Fail
Precious Kalu,250502122,CYBERSECURITY,CSC 201,200 Level,4.38,4.38,10,20,3,35,68,4.0,4.19,Second Class Upper,Second Class Upper
Precious Kalu,250502264,COMPUTER SCIENCE,MTH 223,200 Level,0.55,0.55,6,12,6,9,33,0.0,0.28,Fail,Fail
Precious Kalu,250501609,ICT,MTH 201,200 Level,3.61,3.61,0,8,2,32,42,1.0,2.3,Third Class,Third Class
Precious Lawal,250501915,ICT,CHM 201,200 Level,2.46,2.46,6,0,5,46,57,3.0,2.73,Second Class Lower,Second Class Lower
Precious Lawal,250502989,COMPUTER SCIENCE,MTH 201,200 Level,3.78,3.78,10,18,5,18,51,3.0,3.39,Second Class Lower,Second Class Lower
Precious Lawal,250502731,CYBERSECURITY,CHM 207,200 Level,3.31,3.31,6,18,9,50,83,5.0,4.16,Second Class Upper,First Class
Precious Madu,250501604,ICT,GST 211,200 Level,1.04,1.04,5,13,2,33,53,3.0,2.02,Third Class,Second Class Lower
Precious Madu,250502003,CYBERSECURITY,GST 211,200 Level,3.8,3.8,10,11,2,32,55,3.0,3.4,Second Class Lower,Second Class Lower
Precious Madu,250501969,ICT,GST 211,200 Level,2.64,2.64,9,10,10,58,87,5.0,3.82,Second Class Upper,First Class
Precious Musa,250501440,COMPUTER SCIENCE,CSC 201,200 Level,0.88,0.88,10,7,0,23,40,1.0,0.94,Fail,Fail
Precious Musa,250502331,ICT,CHM 201,200 Level,3.74,3.74,6,8,9,30,53,3.0,3.37,Second Class Lower,Second Class Lower
Precious Nwachukwu,250501981,CYBERSECURITY,PHY 201,200 Level,3.97,3.97,8,9,6,11,34,0.0,1.98,Third Class,Fail
Precious Nwachukwu,250501356,COMPUTER SCIENCE,PHY 205,200 Level,0.62,0.62,6,13,4,38,61,4.0,2.31,Third Class,Second Class Lower
Precious Nwosu,250501041,COMPUTER SCIENCE,CHM 207,200 Level,2.73,2.73,2,12,5,34,53,3.0,2.86,Second Class Lower,Second Class Lower
Precious Obi,250502245,COMPUTER SCIENCE,PHY 201,200 Level,3.32,3.32,1,7,9,37,54,3.0,3.16,Second Class Lower,Second Class Lower
Precious Okoro,250501667,CYBERSECURITY,PHY 205,200 Level,1.22,1.22,3,13,9,53,78,5.0,3.11,Second Class Lower,Second Class Upper
Precious Okoro,250501320,COMPUTER SCIENCE,PHY 201,200 Level,2.97,2.97,4,1,3,57,65,4.0,3.49,Second Class Lower,Second Class Upper
Precious Peters,250502960,CYBERSECURITY,MTH 201,200 Level,1.03,1.03,4,12,0,37,53,3.0,2.02,Third Class,Second Class Lower
Precious Peters,250502622,COMPUTER SCIENCE,GST 211,200 Level,3.03,3.03,9,19,4,24,56,3.0,3.01,Second Class Lower,Second Class Lower
Precious Raji,250501308,CYBERSECURITY,MTH 223,200 Level,4.08,4.08,7,10,9,9,35,0.0,2.04,Third Class,Fail
Precious Raji,250502740,ICT,CSC 201,200 Level,4.22,4.22,0,3,3,20,26,0.0,2.11,Third Class,Fail
Precious Salisu,250501696,CYBERSECURITY,GST 211,200 Level,1.8,1.8,3,18,7,46,74,5.0,3.4,Second Class Lower,Second Class Upper
Precious Usman,250501595,ICT,MTH 223,200 Level,2.63,2.63,6,0,5,6,17,0.0,1.32,Pass,Fail
Rita Adeola,250502201,CYBERSECURITY,CHM 201,200 Level,0.61,0.61,4,14,4,13,35,0.0,0.3,Fail,Fail
Rita Adeola,250501806,CYBERSECURITY,CHM 207,200 Level,4.7,4.7,7,0,1,18,26,0.0,2.35,Third Class,Fail
Rita Adeyemi,250502815,ICT,MTH 223,200 Level,4.86,4.86,1,16,2,27,46,2.0,3.43,Second Class Lower,Second Class Lower
Rita Afolabi,250501467,COMPUTER SCIENCE,PHY 201,200 Level,4.41,4.41,2,12,2,41,57,3.0,3.7,Second Class Upper,Second Class Lower
Rita Afolabi,250502943,COMPUTER SCIENCE,MTH 223,200 Level,3.68,3.68,10,11,9,45,75,5.0,4.34,Second Class Upper,First Class
Rita Afolabi,250502978,ICT,GST 211,200 Level,4.43,4.43,3,5,1,9,18,0.0,2.22,Third Class,Fail
Rita Afolabi,250502873,COMPUTER SCIENCE,CHM 207,200 Level,4.28,4.28,5,16,6,50,77,5.0,4.64,First Class,First Class
Rita Afolabi,250501936,COMPUTER SCIENCE,CHM 207,200 Level,0.58,0.58,5,15,10,37,67,4.0,2.29,Third Class,Second Class Lower
Rita Afolabi,250501081,COMPUTER SCIENCE,PHY 201,200 Level,3.3,3.3,1,19,0,17,37,0.0,1.65,Third Class,Fail
Rita Babatunde,250501181,ICT,PHY 205,200 Level,1.01,1.01,3,5,2,18,28,0.0,0.5,Fail,Fail
Rita Babatunde,250501088,COMPUTER SCIENCE,PHY 205,200 Level,4.49,4.49,6,18,6,11,41,1.0,2.74,Second Class Lower,Third Class
Rita Babatunde,250501400,ICT,CSC 201,200 Level,0.96,0.96,8,13,0,51,72,5.0,2.98,Second Class Lower,Second Class Upper
Rita Babatunde,250502029,CYBERSECURITY,CSC 201,200 Level,4.23,4.23,8,3,5,32,48,2.0,3.12,Second Class Lower,Third Class
Rita Babatunde,250501791,ICT,GST 209,200 Level,3.14,3.14,8,12,3,50,73,5.0,4.07,Second Class Upper,First Class
Rita Babatunde,250502828,ICT,MTH 201,200 Level,4.09,4.09,3,17,8,16,44,1.0,2.54,Second Class Lower,Third Class
Rita Babatunde,250501651,ICT,GST 211,200 Level,2.92,2.92,3,5,2,3,13,0.0,1.46,Pass,Fail
Rita Bello,250502808,ICT,GST 209,200 Level,1.28,1.28,5,5,7,6,23,0.0,0.64,Fail,Fail
Rita Bello,250501423,COMPUTER SCIENCE,MTH 201,200 Level,2.72,2.72,8,12,9,60,89,5.0,3.86,Second Class Upper,First Class
Rita Bello,250501810,ICT,MTH 201,200 Level,4.93,4.93,1,14,8,40,63,4.0,4.46,Second Class Upper,Second Class Upper
Rita Chukwu,250502766,CYBERSECURITY,CSC 201,200 Level,3.82,3.82,9,8,10,12,39,0.0,1.91,Third Class,Fail
Rita Chukwu,250502638,CYBERSECURITY,MTH 201,200 Level,4.97,4.97,5,0,10,59,74,5.0,4.98,First Class,First Class
Rita Dikko,250501311,CYBERSECURITY,PHY 201,200 Level,0.85,0.85,3,18,9,59,89,5.0,2.92,Second Class Lower,Second Class Upper
Rita Eze,250502218,ICT,CHM 201,200 Level,3.45,3.45,6,16,6,59,87,5.0,4.22,Second Class Upper,First Class
Rita Eze,250501045,CYBERSECURITY,PHY 205,200 Level,3.48,3.48,7,16,4,43,70,5.0,4.24,Second Class Upper,First Class
Rita Fashola,250501675,ICT,MTH 201,200 Level,4.92,4.92,3,20,4,48,75,5.0,4.96,First Class,First Class
Rita Fashola,250501968,COMPUTER SCIENCE,CHM 207,200 Level,3.05,3.05,7,18,9,12,46,2.0,2.52,Second Class Lower,Third Class
Rita Fashola,250501293,COMPUTER SCIENCE,PHY 201,200 Level,2.12,2.12,8,0,8,27,43,1.0,1.56,Third Class,Pass
Rita Gana,250502056,CYBERSECURITY,CHM 201,200 Level,3.95,3.95,3,6,6,17,32,0.0,1.98,Third Class,Fail
Rita Gana,250502378,ICT,MTH 223,200 Level,2.12,2.12,4,18,2,13,37,0.0,1.06,Pass,Fail
Rita Gana,250501590,CYBERSECURITY,CSC 201,200 Level,1.12,1.12,9,8,6,40,63,4.0,2.56,Second Class Lower,Second Class Lower
Rita Gana,250501067,COMPUTER SCIENCE,CHM 207,200 Level,4.11,4.11,10,15,3,11,39,0.0,2.06,Third Class,Fail
Rita Garba,250502165,ICT,MTH 201,200 Level,4.18,4.18,2,9,9,29,49,2.0,3.09,Second Class Lower,Third Class
Rita Hassan,250502844,ICT,CSC 201,200 Level,4.74,4.74,8,12,9,16,45,2.0,3.37,Second Class Lower,Second Class Lower
Rita Hassan,250502636,COMPUTER SCIENCE,MTH 201,200 Level,2.3,2.3,6,5,0,55,66,4.0,3.15,Second Class Lower,Second Class Upper
Rita Hassan,250501047,COMPUTER SCIENCE,CHM 201,200 Level,2.84,2.84,2,1,1,58,62,4.0,3.42,Second Class Lower,Second Class Upper
Rita Hassan,250501009,COMPUTER SCIENCE,CHM 207,200 Level,3.69,3.69,8,10,0,53,71,5.0,4.34,Second Class Upper,First Class
Rita Ikenna,250502490,ICT,PHY 201,200 Level,1.57,1.57,3,14,1,25,43,1.0,1.28,Pass,Pass
Rita James,250501080,COMPUTER SCIENCE,MTH 201,200 Level,4.38,4.38,4,13,8,47,72,5.0,4.69,First Class,First Class
Rita Kalu,250502285,ICT,CHM 207,200 Level,2.83,2.83,8,19,1,41,69,4.0,3.42,Second Class Lower,Second Class Upper
Rita Kalu,250501087,ICT,GST 211,200 Level,3.37,3.37,2,9,9,48,68,4.0,3.68,Second Class Upper,Second Class Upper
Rita Kalu,250501121,COMPUTER SCIENCE,MTH 223,200 Level,4.53,4.53,0,3,8,12,23,0.0,2.26,Third Class,Fail
Rita Madu,250501242,CYBERSECURITY,GST 211,200 Level,4.62,4.62,6,17,5,54,82,5.0,4.81,First Class,First Class
Rita Madu,250501795,CYBERSECURITY,CHM 201,200 Level,4.42,4.42,4,9,0,10,23,0.0,2.21,Third Class,Fail
Rita Madu,250501324,CYBERSECURITY,CHM 201,200 Level,4.8,4.8,8,19,0,5,32,0.0,2.4,Third Class,Fail
Rita Madu,250501027,CYBERSECURITY,PHY 201,200 Level,2.81,2.81,10,13,8,24,55,3.0,2.9,Second Class Lower,Second Class Lower
Rita Musa,250502941,CYBERSECURITY,CSC 201,200 Level,2.0,2.0,5,1,7,53,66,4.0,3.0,Second Class Lower,Second Class Upper
Rita Musa,250502879,ICT,CSC 201,200 Level,3.04,3.04,10,19,7,2,38,0.0,1.52,Third Class,Fail
Rita Musa,250501979,COMPUTER SCIENCE,PHY 201,200 Level,3.19,3.19,6,13,6,2,27,0.0,1.6,Third Class,Fail
Rita Nwachukwu,250501908,CYBERSECURITY,GST 211,200 Level,1.67,1.67,5,4,10,51,70,5.0,3.34,Second Class Lower,Second Class Upper
Rita Nwosu,250502323,COMPUTER SCIENCE,CHM 207,200 Level,1.49,1.49,8,7,9,6,30,0.0,0.74,Fail,Fail
Rita Obi,250502658,CYBERSECURITY,CHM 201,200 Level,2.29,2.29,3,12,7,14,36,0.0,1.14,Pass,Fail
Rita Obi,250502697,CYBERSECURITY,CHM 207,200 Level,1.11,1.11,6,7,1,58,72,5.0,3.06,Second Class Lower,Second Class Upper
Rita Obi,250502859,ICT,CSC 201,200 Level,3.78,3.78,9,10,4,2,25,0.0,1.89,Third Class,Fail
Rita Okafor,250502520,COMPUTER SCIENCE,GST 211,200 Level,0.77,0.77,7,20,8,24,59,3.0,1.88,Third Class,Second Class Lower
Rita Okafor,250501011,CYBERSECURITY,PHY 205,200 Level,4.86,4.86,7,11,4,32,54,3.0,3.93,Second Class Upper,Second Class Lower
Rita Okonkwo,250502081,CYBERSECURITY,CHM 207,200 Level,0.9,0.9,1,10,1,54,66,4.0,2.45,Third Class,Second Class Lower
Rita Okonkwo,250501591,COMPUTER SCIENCE,PHY 205,200 Level,3.38,3.38,4,18,6,57,85,5.0,4.19,Second Class Upper,First Class
Rita Okoro,250501624,CYBERSECURITY,GST 211,200 Level,3.28,3.28,10,8,8,7,33,0.0,1.64,Third Class,Fail
Rita Okoro,250501846,CYBERSECURITY,CHM 201,200 Level,0.88,0.88,8,13,9,54,84,5.0,2.94,Second Class Lower,Second Class Upper
Rita Okoro,250502039,COMPUTER SCIENCE,CHM 207,200 Level,1.92,1.92,3,14,10,60,87,5.0,3.46,Second Class Lower,Second Class Upper
Rita Peters,250501767,COMPUTER SCIENCE,MTH 223,200 Level,4.45,4.45,7,20,4,49,80,5.0,4.72,First Class,First Class
Rita Peters,250501694,ICT,MTH 223,200 Level,1.02,1.02,1,13,1,30,45,2.0,1.51,Third Class,Third Class
Rita Raji,250502280,COMPUTER SCIENCE,MTH 201,200 Level,3.28,3.28,1,18,5,11,35,0.0,1.64,Third Class,Fail
Rita Raji,250501804,COMPUTER SCIENCE,MTH 201,200 Level,2.41,2.41,9,9,2,21,41,1.0,1.7,Third Class,Pass
Rita Salisu,250502204,COMPUTER SCIENCE,PHY 205,200 Level,2.7,2.7,2,1,6,28,37,0.0,1.35,Pass,Fail
Rita Salisu,250501151,ICT,PHY 205,200 Level,1.58,1.58,3,14,10,38,65,4.0,2.79,Second Class Lower,Second Class Upper
Rita Usman,250502113,CYBERSECURITY,MTH 201,200 Level,2.92,2.92,6,17,2,54,79,5.0,3.96,Second Class Upper,First Class
Rita Usman,250501323,COMPUTER SCIENCE,CHM 201,200 Level,1.76,1.76,10,18,1,36,65,4.0,2.88,Second Class Lower,Second Class Upper
Seun Adeyemi,250501174,COMPUTER SCIENCE,CHM 207,200 Level,3.4,3.4,10,3,7,18,38,0.0,1.7,Third Class,Fail
Seun Adeyemi,250501531,COMPUTER SCIENCE,CHM 207,200 Level,5.0,5.0,10,14,6,15,45,2.0,3.5,Second Class Upper,Second Class Lower
Seun Adeyemi,250501230,ICT,CSC 201,200 Level,4.08,4.08,0,17,3,4,24,0.0,2.04,Third Class,Fail
Seun Adeyemi,250502837,COMPUTER SCIENCE,MTH 201,200 Level,2.02,2.02,0,9,7,58,74,5.0,3.51,Second Class Upper,Second Class Upper
Seun Adeyemi,250502971,ICT,PHY 201,200 Level,4.24,4.24,2,3,2,47,54,3.0,3.62,Second Class Upper,Second Class Lower
Seun Babatunde,250501988,COMPUTER SCIENCE,MTH 201,200 Level,1.61,1.61,10,13,6,48,77,5.0,3.3,Second Class Lower,Second Class Upper
Seun Chukwu,250502729,CYBERSECURITY,CSC 201,200 Level,3.27,3.27,9,4,6,42,61,4.0,3.64,Second Class Upper,Second Class Upper
Seun Chukwu,250502291,ICT,GST 209,200 Level,1.1,1.1,5,7,10,39,61,4.0,2.55,Second Class Lower,Second Class Lower
Seun Chukwu,250501005,ICT,GST 211,200 Level,1.2,1.2,5,10,4,36,55,3.0,2.1,Third Class,Second Class Lower
Seun Danladi,250501132,ICT,MTH 223,200 Level,1.04,1.04,10,2,4,6,22,0.0,0.52,Fail,Fail
Seun Dikko,250501162,COMPUTER SCIENCE,CHM 201,200 Level,3.35,3.35,0,15,1,12,28,0.0,1.68,Third Class,Fail
Seun Dikko,250501140,CYBERSECURITY,PHY 205,200 Level,4.83,4.83,7,1,2,14,24,0.0,2.42,Third Class,Fail
Seun Eze,250501175,ICT,CHM 201,200 Level,1.28,1.28,6,7,1,5,19,0.0,0.64,Fail,Fail
Seun Eze,250501663,CYBERSECURITY,MTH 201,200 Level,1.57,1.57,6,14,10,33,63,4.0,2.78,Second Class Lower,Second Class Upper
Seun Eze,250502811,COMPUTER SCIENCE,MTH 201,200 Level,3.94,3.94,3,6,10,47,66,4.0,3.97,Second Class Upper,Second Class Upper
Seun Eze,250502489,ICT,CHM 207,200 Level,2.52,2.52,2,15,4,44,65,4.0,3.26,Second Class Lower,Second Class Upper
Seun Fashola,250502723,COMPUTER SCIENCE,GST 209,200 Level,0.95,0.95,9,2,10,29,50,3.0,1.98,Third Class,Second Class Lower
Seun Fashola,250502741,COMPUTER SCIENCE,GST 211,200 Level,3.8,3.8,0,9,8,25,42,1.0,2.4,Third Class,Third Class
Seun Fashola,250501512,ICT,GST 211,200 Level,4.7,4.7,8,19,10,39,76,5.0,4.85,First Class,First Class
Seun Gana,250501828,COMPUTER SCIENCE,MTH 223,200 Level,3.82,3.82,0,15,5,53,73,5.0,4.41,Second Class Upper,First Class
Seun Gana,250501864,COMPUTER SCIENCE,CSC 201,200 Level,2.3,2.3,9,5,7,28,49,2.0,2.15,Third Class,Third Class
Seun Gana,250502014,COMPUTER SCIENCE,PHY 205,200 Level,3.68,3.68,7,12,3,56,78,5.0,4.34,Second Class Upper,First Class
Seun Garba,250502519,COMPUTER SCIENCE,CHM 207,200 Level,4.67,4.67,10,15,1,57,83,5.0,4.84,First Class,First Class
Seun Garba,250502917,CYBERSECURITY,GST 209,200 Level,3.17,3.17,7,0,10,40,57,3.0,3.08,Second Class Lower,Second Class Lower
Seun Garba,250502920,CYBERSECURITY,CHM 201,200 Level,3.63,3.63,5,15,10,20,50,3.0,3.32,Second Class Lower,Second Class Lower
Seun Garba,250501529,COMPUTER SCIENCE,CHM 207,200 Level,4.39,4.39,6,15,10,15,46,2.0,3.2,Second Class Lower,Third Class
Seun Hassan,250502817,CYBERSECURITY,PHY 201,200 Level,3.96,3.96,5,9,5,42,61,4.0,3.98,Second Class Upper,Second Class Upper
Seun Hassan,250501305,CYBERSECURITY,PHY 205,200 Level,4.89,4.89,8,16,10,56,90,5.0,4.94,First Class,First Class
Seun Ikenna,250502246,COMPUTER SCIENCE,MTH 201,200 Level,1.09,1.09,8,5,5,38,56,3.0,2.04,Third Class,Second Class Lower
Seun Ikenna,250502573,ICT,GST 209,200 Level,4.38,4.38,4,17,10,26,57,3.0,3.69,Second Class Upper,Second Class Lower
Seun James,250501378,COMPUTER SCIENCE,CSC 201,200 Level,4.17,4.17,1,1,4,14,20,0.0,2.08,Third Class,Fail
Seun James,250501424,ICT,PHY 201,200 Level,0.76,0.76,8,20,10,22,60,4.0,2.38,Third Class,Second Class Lower
Seun James,250502918,ICT,MTH 201,200 Level,2.26,2.26,0,16,5,22,43,1.0,1.63,Third Class,Pass
Seun Kalu,250501578,CYBERSECURITY,CSC 201,200 Level,2.71,2.71,10,9,6,60,85,5.0,3.86,Second Class Upper,First Class
Seun Kalu,250502607,ICT,GST 209,200 Level,4.1,4.1,6,17,4,29,56,3.0,3.55,Second Class Upper,Second Class Lower
Seun Kalu,250501622,CYBERSECURITY,MTH 201,200 Level,2.17,2.17,4,9,4,52,69,4.0,3.08,Second Class Lower,Second Class Upper
Seun Kalu,250502825,ICT,PHY 205,200 Level,2.89,2.89,7,14,0,48,69,4.0,3.44,Second Class Lower,Second Class Upper
Seun Lawal,250502119,CYBERSECURITY,CHM 201,200 Level,1.08,1.08,10,11,9,3,33,0.0,0.54,Fail,Fail
Seun Lawal,250501406,CYBERSECURITY,CHM 201,200 Level,2.25,2.25,7,15,5,33,60,4.0,3.12,Second Class Lower,Second Class Upper
Seun Lawal,250502895,COMPUTER SCIENCE,MTH 223,200 Level,3.8,3.8,5,1,6,2,14,0.0,1.9,Third Class,Fail
Seun Madu,250502053,CYBERSECURITY,GST 211,200 Level,4.09,4.09,1,8,1,53,63,4.0,4.04,Second Class Upper,Second Class Upper
Seun Musa,250501716,ICT,GST 211,200 Level,4.24,4.24,10,19,1,3,33,0.0,2.12,Third Class,Fail
Seun Musa,250502667,ICT,GST 211,200 Level,4.69,4.69,9,14,0,53,76,5.0,4.85,First Class,First Class
Seun Musa,250502320,ICT,MTH 201,200 Level,1.61,1.61,2,17,5,44,68,4.0,2.8,Second Class Lower,Second Class Upper
Seun Nwachukwu,250501821,CYBERSECURITY,PHY 201,200 Level,0.52,0.52,6,11,0,12,29,0.0,0.26,Fail,Fail
Seun Nwachukwu,250501353,ICT,CHM 201,200 Level,1.23,1.23,7,14,9,11,41,1.0,1.12,Pass,Pass
Seun Nwachukwu,250501050,CYBERSECURITY,MTH 201,200 Level,4.86,4.86,4,7,1,35,47,2.0,3.43,Second Class Lower,Second Class Lower
Seun Nwosu,250502261,ICT,CHM 207,200 Level,4.09,4.09,8,14,8,57,87,5.0,4.54,First Class,First Class
Seun Obi,250502168,ICT,CSC 201,200 Level,0.53,0.53,6,6,3,32,47,2.0,1.27,Pass,Third Class
Seun Obi,250501414,CYBERSECURITY,GST 211,200 Level,3.34,3.34,0,2,10,10,22,0.0,1.67,Third Class,Fail
Seun Okafor,250502111,COMPUTER SCIENCE,MTH 223,200 Level,1.51,1.51,1,18,9,12,40,1.0,1.25,Pass,Pass
Seun Okafor,250502116,CYBERSECURITY,GST 211,200 Level,0.91,0.91,7,0,9,42,58,3.0,1.96,Third Class,Second Class Lower
Seun Okafor,250501914,COMPUTER SCIENCE,MTH 201,200 Level,2.98,2.98,3,7,8,37,55,3.0,2.99,Second Class Lower,Second Class Lower
Seun Okafor,250502454,ICT,MTH 223,200 Level,0.64,0.64,5,18,2,4,29,0.0,0.32,Fail,Fail
Seun Okonkwo,250501582,COMPUTER SCIENCE,MTH 223,200 Level,2.72,2.72,9,2,9,20,40,1.0,1.86,Third Class,Pass
Seun Okonkwo,250502694,COMPUTER SCIENCE,CHM 207,200 Level,2.15,2.15,5,5,4,31,45,2.0,2.08,Third Class,Third Class
Seun Okoro,250501465,ICT,MTH 223,200 Level,2.19,2.19,1,16,0,53,70,5.0,3.6,Second Class Upper,Second Class Upper
Seun Okoro,250502644,CYBERSECURITY,GST 209,200 Level,0.9,0.9,5,3,1,11,20,0.0,0.45,Fail,Fail
Seun Okoro,250501166,ICT,GST 209,200 Level,1.94,1.94,4,5,6,10,25,0.0,0.97,Fail,Fail
Seun Peters,250501115,COMPUTER SCIENCE,MTH 223,200 Level,4.42,4.42,0,6,9,11,26,0.0,2.21,Third Class,Fail
Seun Peters,250501559,CYBERSECURITY,PHY 205,200 Level,3.29,3.29,5,17,8,36,66,4.0,3.64,Second Class Upper,Second Class Upper
Seun Raji,250501956,COMPUTER SCIENCE,GST 209,200 Level,2.84,2.84,3,12,2,8,25,0.0,1.42,Pass,Fail
Seun Raji,250502690,COMPUTER SCIENCE,PHY 205,200 Level,1.29,1.29,2,11,7,26,46,2.0,1.64,Third Class,Third Class
Seun Usman,250501730,COMPUTER SCIENCE,GST 211,200 Level,1.24,1.24,1,8,1,29,39,0.0,0.62,Fail,Fail
Sola Adeola,250501946,ICT,CSC 201,200 Level,1.12,1.12,5,19,9,12,45,2.0,1.56,Third Class,Third Class
Sola Adeola,250501971,CYBERSECURITY,GST 211,200 Level,4.72,4.72,5,8,1,47,61,4.0,4.36,Second Class Upper,Second Class Upper
Sola Afolabi,250502994,COMPUTER SCIENCE,GST 209,200 Level,3.88,3.88,4,4,8,32,48,2.0,2.94,Second Class Lower,Third Class
Sola Afolabi,250502144,COMPUTER SCIENCE,PHY 205,200 Level,1.7,1.7,4,3,6,8,21,0.0,0.85,Fail,Fail
Sola Afolabi,250501527,ICT,PHY 201,200 Level,1.73,1.73,2,13,0,46,61,4.0,2.86,Second Class Lower,Second Class Upper
Sola Babatunde,250501105,COMPUTER SCIENCE,PHY 201,200 Level,1.62,1.62,7,4,6,16,33,0.0,0.81,Fail,Fail
Sola Babatunde,250502833,COMPUTER SCIENCE,PHY 205,200 Level,3.87,3.87,10,12,4,53,79,5.0,4.44,Second Class Upper,First Class
Sola Babatunde,250501453,CYBERSECURITY,GST 211,200 Level,4.58,4.58,8,0,3,37,48,2.0,3.29,Second Class Lower,Second Class Lower
Sola Babatunde,250502409,CYBERSECURITY,MTH 201,200 Level,4.41,4.41,0,8,1,28,37,0.0,2.2,Third Class,Fail
Sola Babatunde,250502521,ICT,CHM 201,200 Level,4.7,4.7,5,6,4,14,29,0.0,2.35,Third Class,Fail
Sola Babatunde,250501669,CYBERSECURITY,GST 211,200 Level,1.78,1.78,9,11,4,0,24,0.0,0.89,Fail,Fail
Sola Bello,250501487,COMPUTER SCIENCE,MTH 201,200 Level,1.76,1.76,8,16,5,0,29,0.0,0.88,Fail,Fail
Sola Bello,250502961,COMPUTER SCIENCE,CHM 207,200 Level,2.34,2.34,2,16,8,38,64,4.0,3.17,Second Class Lower,Second Class Upper
Sola Bello,250502317,ICT,CHM 207,200 Level,3.79,3.79,0,6,7,41,54,3.0,3.4,Second Class Lower,Second Class Lower
Sola Bello,250501596,COMPUTER SCIENCE,MTH 223,200 Level,3.5,3.5,5,19,9,55,88,5.0,4.25,Second Class Upper,First Class
Sola Chukwu,250502940,CYBERSECURITY,GST 209,200 Level,0.76,0.76,0,10,10,60,80,5.0,2.88,Second Class Lower,Second Class Upper
Sola Chukwu,250501435,CYBERSECURITY,PHY 205,200 Level,3.65,3.65,6,10,4,23,43,1.0,2.33,Third Class,Third Class
Sola Chukwu,250501023,COMPUTER SCIENCE,MTH 223,200 Level,2.15,2.15,6,11,9,45,71,5.0,3.58,Second Class Upper,Second Class Upper
Sola Danladi,250501457,COMPUTER SCIENCE,CSC 201,200 Level,2.61,2.61,0,14,6,10,30,0.0,1.3,Pass,Fail
Sola Danladi,250502394,CYBERSECURITY,PHY 205,200 Level,2.02,2.02,2,8,9,44,63,4.0,3.01,Second Class Lower,Second Class Upper
Sola Dikko,250501883,ICT,PHY 201,200 Level,0.97,0.97,8,13,4,27,52,3.0,1.98,Third Class,Second Class Lower
Sola Dikko,250501460,ICT,CSC 201,200 Level,1.03,1.03,1,2,2,42,47,2.0,1.52,Third Class,Third Class
Sola Dikko,250502527,ICT,GST 209,200 Level,1.88,1.88,3,8,0,35,46,2.0,1.94,Third Class,Third Class
Sola Ejike,250502901,COMPUTER SCIENCE,MTH 201,200 Level,0.52,0.52,3,0,1,35,39,0.0,0.26,Fail,Fail
Sola Ejike,250501520,CYBERSECURITY,CHM 201,200 Level,3.17,3.17,6,10,5,41,62,4.0,3.58,Second Class Upper,Second Class Upper
Sola Eze,250501231,COMPUTER SCIENCE,MTH 201,200 Level,2.76,2.76,4,12,7,3,26,0.0,1.38,Pass,Fail
Sola Eze,250501500,COMPUTER SCIENCE,PHY 205,200 Level,3.64,3.64,8,12,8,8,36,0.0,1.82,Third Class,Fail
Sola Eze,250501556,CYBERSECURITY,CSC 201,200 Level,1.1,1.1,10,9,3,23,45,2.0,1.55,Third Class,Third Class
Sola Fashola,250502501,ICT,MTH 223,200 Level,2.66,2.66,0,12,0,17,29,0.0,1.33,Pass,Fail
Sola Fashola,250501229,ICT,PHY 205,200 Level,3.34,3.34,5,7,10,21,43,1.0,2.17,Third Class,Pass
Sola Gana,250502105,CYBERSECURITY,CHM 201,200 Level,1.28,1.28,10,0,7,37,54,3.0,2.14,Third Class,Second Class Lower
Sola Gana,250501144,ICT,MTH 223,200 Level,1.78,1.78,4,17,7,38,66,4.0,2.89,Second Class Lower,Second Class Upper
Sola Hassan,250501628,CYBERSECURITY,MTH 201,200 Level,0.67,0.67,0,15,7,20,42,1.0,0.84,Fail,Fail
Sola Hassan,250501648,CYBERSECURITY,GST 211,200 Level,4.05,4.05,4,2,3,20,29,0.0,2.02,Third Class,Fail
Sola Ikenna,250501211,ICT,MTH 223,200 Level,3.61,3.61,5,19,6,40,70,5.0,4.3,Second Class Upper,First Class
Sola James,250501994,COMPUTER SCIENCE,CSC 201,200 Level,2.12,2.12,8,2,0,29,39,0.0,1.06,Pass,Fail
Sola James,250501002,CYBERSECURITY,MTH 223,200 Level,3.79,3.79,6,19,4,50,79,5.0,4.39,Second Class Upper,First Class
Sola James,250501837,ICT,MTH 223,200 Level,2.13,2.13,6,1,7,53,67,4.0,3.06,Second Class Lower,Second Class Upper
Sola James,250501830,COMPUTER SCIENCE,PHY 201,200 Level,1.51,1.51,0,6,7,7,20,0.0,0.76,Fail,Fail
Sola Kalu,250502782,COMPUTER SCIENCE,GST 209,200 Level,2.58,2.58,8,14,2,23,47,2.0,2.29,Third Class,Third Class
Sola Lawal,250501245,ICT,MTH 223,200 Level,4.68,4.68,3,12,4,32,51,3.0,3.84,Second Class Upper,Second Class Lower
Sola Lawal,250502115,CYBERSECURITY,GST 209,200 Level,3.11,3.11,9,9,2,14,34,0.0,1.56,Third Class,Fail
Sola Madu,250501106,CYBERSECURITY,PHY 201,200 Level,2.35,2.35,7,7,7,28,49,2.0,2.17,Third Class,Third Class
Sola Musa,250502251,COMPUTER SCIENCE,GST 211,200 Level,2.67,2.67,3,12,6,52,73,5.0,3.84,Second Class Upper,First Class
Sola Nwachukwu,250501898,ICT,MTH 223,200 Level,0.56,0.56,2,0,6,11,19,0.0,0.28,Fail,Fail
Sola Nwachukwu,250502243,COMPUTER SCIENCE,MTH 201,200 Level,4.3,4.3,3,15,0,17,35,0.0,2.15,Third Class,Fail
Sola Nwachukwu,250501349,ICT,CHM 201,200 Level,3.32,3.32,3,3,6,57,69,4.0,3.66,Second Class Upper,Second Class Upper
Sola Nwachukwu,250501051,COMPUTER SCIENCE,PHY 205,200 Level,3.99,3.99,8,11,5,22,46,2.0,3.0,Second Class Lower,Third Class
Sola Nwosu,250501165,CYBERSECURITY,CSC 201,200 Level,4.26,4.26,7,11,9,40,67,4.0,4.13,Second Class Upper,Second Class Upper
Sola Nwosu,250502670,COMPUTER SCIENCE,MTH 201,200 Level,2.21,2.21,4,1,10,33,48,2.0,2.1,Third Class,Third Class
Sola Nwosu,250502086,ICT,PHY 201,200 Level,3.26,3.26,2,14,10,2,28,0.0,1.63,Third Class,Fail
Sola Nwosu,250501054,CYBERSECURITY,GST 209,200 Level,3.19,3.19,1,19,10,10,40,1.0,2.09,Third Class,Pass
Sola Okafor,250501645,COMPUTER SCIENCE,CHM 201,200 Level,4.51,4.51,6,16,10,17,49,2.0,3.26,Second Class Lower,Second Class Lower
Sola Okafor,250502540,ICT,GST 211,200 Level,3.69,3.69,0,6,10,3,19,0.0,1.84,Third Class,Fail
Sola Okafor,250501255,CYBERSECURITY,MTH 201,200 Level,3.01,3.01,4,7,4,55,70,5.0,4.0,Second Class Upper,First Class
Sola Okonkwo,250502190,COMPUTER SCIENCE,MTH 223,200 Level,0.8,0.8,8,12,10,33,63,4.0,2.4,Third Class,Second Class Lower
Sola Okonkwo,250501759,ICT,CHM 207,200 Level,4.05,4.05,2,15,6,10,33,0.0,2.02,Third Class,Fail
Sola Okoro,250502256,CYBERSECURITY,GST 211,200 Level,1.4,1.4,8,17,6,53,84,5.0,3.2,Second Class Lower,Second Class Upper
Sola Okoro,250501715,ICT,GST 209,200 Level,4.68,4.68,5,3,5,0,13,0.0,2.34,Third Class,Fail
Sola Okoro,250501907,CYBERSECURITY,MTH 201,200 Level,2.04,2.04,8,2,4,10,24,0.0,1.02,Pass,Fail
Sola Okoro,250502728,COMPUTER SCIENCE,PHY 205,200 Level,4.16,4.16,8,5,6,52,71,5.0,4.58,First Class,First Class
Sola Okoro,250502570,ICT,CHM 207,200 Level,3.14,3.14,3,14,3,21,41,1.0,2.07,Third Class,Pass
Sola Peters,250501287,CYBERSECURITY,GST 209,200 Level,2.94,2.94,7,9,2,48,66,4.0,3.47,Second Class Lower,Second Class Upper
Sola Raji,250502932,CYBERSECURITY,CHM 201,200 Level,3.02,3.02,7,13,5,40,65,4.0,3.51,Second Class Upper,Second Class Upper
Sola Raji,250502991,CYBERSECURITY,GST 209,200 Level,1.22,1.22,6,19,3,44,72,5.0,3.11,Second Class Lower,Second Class Upper
Sola Usman,250502592,COMPUTER SCIENCE,PHY 205,200 Level,1.08,1.08,2,17,1,59,79,5.0,3.04,Second Class Lower,Second Class Upper
Tunde Adeola,250502890,COMPUTER SCIENCE,PHY 201,200 Level,0.95,0.95,1,13,7,30,51,3.0,1.98,Third Class,Second Class Lower
Tunde Adeola,250501286,CYBERSECURITY,PHY 205,200 Level,2.6,2.6,8,7,10,50,75,5.0,3.8,Second Class Upper,First Class
Tunde Adeola,250502315,CYBERSECURITY,PHY 201,200 Level,3.4,3.4,4,0,2,31,37,0.0,1.7,Third Class,Fail
Tunde Adeola,250502838,COMPUTER SCIENCE,CSC 201,200 Level,4.68,4.68,8,4,2,35,49,2.0,3.34,Second Class Lower,Second Class Lower
Tunde Afolabi,250502109,COMPUTER SCIENCE,GST 209,200 Level,1.19,1.19,10,11,4,50,75,5.0,3.1,Second Class Lower,Second Class Upper
Tunde Afolabi,250502953,COMPUTER SCIENCE,MTH 201,200 Level,3.81,3.81,3,15,5,32,55,3.0,3.4,Second Class Lower,Second Class Lower
Tunde Afolabi,250502389,COMPUTER SCIENCE,CSC 201,200 Level,2.54,2.54,3,1,3,26,33,0.0,1.27,Pass,Fail
Tunde Babatunde,250502337,CYBERSECURITY,MTH 223,200 Level,3.56,3.56,10,12,8,14,44,1.0,2.28,Third Class,Third Class
Tunde Babatunde,250501963,ICT,MTH 201,200 Level,2.25,2.25,5,7,2,31,45,2.0,2.12,Third Class,Third Class
Tunde Bello,250501954,COMPUTER SCIENCE,MTH 223,200 Level,2.38,2.38,0,10,10,12,32,0.0,1.19,Pass,Fail
Tunde Bello,250502321,ICT,PHY 205,200 Level,1.22,1.22,3,18,2,8,31,0.0,0.61,Fail,Fail
Tunde Bello,250502556,ICT,GST 211,200 Level,3.25,3.25,2,2,8,47,59,3.0,3.12,Second Class Lower,Second Class Lower
Tunde Chukwu,250501511,CYBERSECURITY,PHY 201,200 Level,2.38,2.38,7,18,7,59,91,5.0,3.69,Second Class Upper,Second Class Upper
Tunde Chukwu,250501598,CYBERSECURITY,MTH 223,200 Level,1.37,1.37,1,10,1,43,55,3.0,2.18,Third Class,Second Class Lower
Tunde Danladi,250501232,ICT,GST 211,200 Level,3.1,3.1,10,13,4,35,62,4.0,3.55,Second Class Upper,Second Class Upper
Tunde Dikko,250502255,ICT,PHY 205,200 Level,2.44,2.44,8,14,6,9,37,0.0,1.22,Pass,Fail
Tunde Ejike,250501317,ICT,MTH 223,200 Level,1.28,1.28,3,5,0,54,62,4.0,2.64,Second Class Lower,Second Class Lower
Tunde Eze,250501234,COMPUTER SCIENCE,CHM 207,200 Level,1.38,1.38,2,7,8,51,68,4.0,2.69,Second Class Lower,Second Class Lower
Tunde Eze,250501549,CYBERSECURITY,CHM 207,200 Level,3.98,3.98,3,6,10,46,65,4.0,3.99,Second Class Upper,Second Class Upper
Tunde Eze,250502820,ICT,MTH 201,200 Level,1.43,1.43,9,9,4,16,38,0.0,0.72,Fail,Fail
Tunde Fashola,250501122,COMPUTER SCIENCE,PHY 201,200 Level,1.93,1.93,9,17,10,22,58,3.0,2.46,Third Class,Second Class Lower
Tunde Fashola,250501319,ICT,MTH 201,200 Level,1.63,1.63,10,5,8,26,49,2.0,1.82,Third Class,Third Class
Tunde Garba,250501322,CYBERSECURITY,GST 209,200 Level,3.47,3.47,8,4,6,44,62,4.0,3.74,Second Class Upper,Second Class Upper
Tunde James,250502324,ICT,CHM 201,200 Level,4.89,4.89,7,18,2,8,35,0.0,2.44,Third Class,Fail
Tunde Kalu,250501285,CYBERSECURITY,GST 211,200 Level,0.66,0.66,0,10,1,46,57,3.0,1.83,Third Class,Second Class Lower
Tunde Kalu,250501841,CYBERSECURITY,GST 209,200 Level,3.49,3.49,8,19,1,36,64,4.0,3.74,Second Class Upper,Second Class Upper
Tunde Kalu,250501373,COMPUTER SCIENCE,GST 209,200 Level,3.57,3.57,6,11,4,40,61,4.0,3.78,Second Class Upper,Second Class Upper
Tunde Lawal,250501857,CYBERSECURITY,MTH 223,200 Level,2.62,2.62,2,15,4,15,36,0.0,1.31,Pass,Fail
Tunde Lawal,250502560,ICT,MTH 223,200 Level,2.09,2.09,8,19,5,10,42,1.0,1.54,Third Class,Pass
Tunde Lawal,250502980,CYBERSECURITY,CSC 201,200 Level,1.34,1.34,10,3,8,30,51,3.0,2.17,Third Class,Second Class Lower
Tunde Madu,250502031,CYBERSECURITY,CHM 207,200 Level,3.18,3.18,8,13,4,24,49,2.0,2.59,Second Class Lower,Third Class
Tunde Madu,250501168,COMPUTER SCIENCE,GST 211,200 Level,0.68,0.68,4,6,5,5,20,0.0,0.34,Fail,Fail
Tunde Musa,250501507,ICT,GST 209,200 Level,4.2,4.2,4,11,8,19,42,1.0,2.6,Second Class Lower,Third Class
Tunde Musa,250502892,COMPUTER SCIENCE,PHY 205,200 Level,4.1,4.1,5,17,8,43,73,5.0,4.55,First Class,First Class
Tunde Nwachukwu,250501802,COMPUTER SCIENCE,CHM 207,200 Level,3.09,3.09,6,5,5,25,41,1.0,2.04,Third Class,Pass
Tunde Nwachukwu,250501193,CYBERSECURITY,CHM 201,200 Level,3.35,3.35,3,2,4,24,33,0.0,1.68,Third Class,Fail
Tunde Nwosu,250502687,ICT,GST 209,200 Level,2.69,2.69,8,13,9,60,90,5.0,3.84,Second Class Upper,First Class
Tunde Nwosu,250502046,ICT,PHY 205,200 Level,1.55,1.55,7,19,3,51,80,5.0,3.28,Second Class Lower,Second Class Upper
Tunde Obi,250501031,ICT,PHY 205,200 Level,1.27,1.27,4,17,0,37,58,3.0,2.13,Third Class,Second Class Lower
Tunde Obi,250502626,CYBERSECURITY,CHM 201,200 Level,1.4,1.4,10,4,8,41,63,4.0,2.7,Second Class Lower,Second Class Lower
Tunde Okafor,250502339,COMPUTER SCIENCE,GST 209,200 Level,0.64,0.64,8,16,4,31,59,3.0,1.82,Third Class,Second Class Lower
Tunde Okonkwo,250502822,COMPUTER SCIENCE,MTH 223,200 Level,3.27,3.27,2,11,7,25,45,2.0,2.64,Second Class Lower,Third Class
Tunde Okonkwo,250502016,CYBERSECURITY,GST 211,200 Level,1.31,1.31,6,3,3,43,55,3.0,2.16,Third Class,Second Class Lower
Tunde Okonkwo,250501928,COMPUTER SCIENCE,GST 209,200 Level,3.35,3.35,5,20,4,60,89,5.0,4.18,Second Class Upper,First Class
Tunde Okonkwo,250502426,CYBERSECURITY,CHM 207,200 Level,0.52,0.52,8,12,1,17,38,0.0,0.26,Fail,Fail
Tunde Okoro,250501754,CYBERSECURITY,GST 211,200 Level,1.13,1.13,8,19,7,49,83,5.0,3.06,Second Class Lower,Second Class Upper
Tunde Okoro,250501490,CYBERSECURITY,PHY 205,200 Level,2.55,2.55,3,4,0,57,64,4.0,3.28,Second Class Lower,Second Class Upper
Tunde Okoro,250501466,CYBERSECURITY,CSC 201,200 Level,1.79,1.79,4,16,1,38,59,3.0,2.4,Third Class,Second Class Lower
Tunde Peters,250502349,ICT,CHM 207,200 Level,0.68,0.68,0,10,9,30,49,2.0,1.34,Pass,Third Class
Tunde Raji,250502774,CYBERSECURITY,PHY 205,200 Level,4.04,4.04,8,5,1,43,57,3.0,3.52,Second Class Upper,Second Class Lower
Tunde Raji,250502850,COMPUTER SCIENCE,CSC 201,200 Level,1.79,1.79,3,1,9,11,24,0.0,0.9,Fail,Fail
Tunde Raji,250501001,ICT,MTH 223,200 Level,4.78,4.78,2,9,9,19,39,0.0,2.39,Third Class,Fail
Tunde Raji,250501893,CYBERSECURITY,CSC 201,200 Level,2.29,2.29,5,19,10,13,47,2.0,2.14,Third Class,Third Class
Tunde Usman,250502768,COMPUTER SCIENCE,CHM 207,200 Level,2.19,2.19,6,0,10,60,76,5.0,3.6,Second Class Upper,Second Class Upper
Tunde Usman,250501483,ICT,CHM 201,200 Level,3.32,3.32,1,20,4,41,66,4.0,3.66,Second Class Upper,Second Class Upper
Yusuf Adeola,250501474,CYBERSECURITY,GST 211,200 Level,2.87,2.87,8,5,10,58,81,5.0,3.94,Second Class Upper,First Class
Yusuf Adeyemi,250502624,COMPUTER SCIENCE,MTH 201,200 Level,1.29,1.29,3,18,7,31,59,3.0,2.14,Third Class,Second Class Lower
Yusuf Adeyemi,250502102,COMPUTER SCIENCE,CHM 207,200 Level,4.48,4.48,5,17,0,50,72,5.0,4.74,First Class,First Class
Yusuf Afolabi,250502209,COMPUTER SCIENCE,GST 209,200 Level,4.99,4.99,2,0,9,48,59,3.0,4.0,Second Class Upper,Second Class Lower
Yusuf Afolabi,250501526,COMPUTER SCIENCE,CHM 201,200 Level,2.37,2.37,2,5,0,47,54,3.0,2.68,Second Class Lower,Second Class Lower
Yusuf Afolabi,250501164,ICT,CHM 201,200 Level,0.91,0.91,6,11,2,1,20,0.0,0.46,Fail,Fail
Yusuf Babatunde,250502453,CYBERSECURITY,PHY 201,200 Level,3.07,3.07,1,13,6,29,49,2.0,2.54,Second Class Lower,Third Class
Yusuf Babatunde,250501294,CYBERSECURITY,MTH 201,200 Level,1.07,1.07,2,20,1,43,66,4.0,2.54,Second Class Lower,Second Class Lower
Yusuf Chukwu,250502328,COMPUTER SCIENCE,GST 209,200 Level,3.46,3.46,10,15,4,34,63,4.0,3.73,Second Class Upper,Second Class Upper
Yusuf Chukwu,250502108,ICT,GST 211,200 Level,3.63,3.63,10,5,5,17,37,0.0,1.82,Third Class,Fail
Yusuf Danladi,250502707,CYBERSECURITY,MTH 201,200 Level,1.47,1.47,6,18,6,3,33,0.0,0.74,Fail,Fail
Yusuf Dikko,250502973,CYBERSECURITY,CHM 207,200 Level,2.83,2.83,4,15,5,32,56,3.0,2.92,Second Class Lower,Second Class Lower
Yusuf Dikko,250502124,CYBERSECURITY,CHM 207,200 Level,3.45,3.45,7,0,2,40,49,2.0,2.72,Second Class Lower,Third Class
Yusuf Dikko,250501298,ICT,MTH 201,200 Level,3.3,3.3,2,17,1,39,59,3.0,3.15,Second Class Lower,Second Class Lower
Yusuf Dikko,250502268,CYBERSECURITY,GST 209,200 Level,3.2,3.2,3,18,1,27,49,2.0,2.6,Second Class Lower,Third Class
Yusuf Ejike,250502543,CYBERSECURITY,PHY 201,200 Level,1.65,1.65,10,10,7,0,27,0.0,0.82,Fail,Fail
Yusuf Eze,250502717,COMPUTER SCIENCE,CSC 201,200 Level,3.63,3.63,5,14,4,53,76,5.0,4.31,Second Class Upper,First Class
Yusuf Fashola,250501291,CYBERSECURITY,GST 209,200 Level,0.67,0.67,6,10,8,13,37,0.0,0.34,Fail,Fail
Yusuf Gana,250501480,CYBERSECURITY,GST 209,200 Level,3.33,3.33,2,14,3,29,48,2.0,2.66,Second Class Lower,Third Class
Yusuf Gana,250501038,COMPUTER SCIENCE,MTH 223,200 Level,3.58,3.58,4,19,1,16,40,1.0,2.29,Third Class,Third Class
Yusuf Gana,250501503,CYBERSECURITY,MTH 201,200 Level,4.16,4.16,0,14,7,45,66,4.0,4.08,Second Class Upper,Second Class Upper
Yusuf Gana,250502465,COMPUTER SCIENCE,GST 211,200 Level,0.72,0.72,0,5,8,56,69,4.0,2.36,Third Class,Second Class Lower
Yusuf Garba,250502767,COMPUTER SCIENCE,CHM 201,200 Level,2.64,2.64,0,19,7,10,36,0.0,1.32,Pass,Fail
Yusuf Garba,250501683,ICT,GST 211,200 Level,3.51,3.51,7,15,2,48,72,5.0,4.26,Second Class Upper,First Class
Yusuf Hassan,250502212,CYBERSECURITY,MTH 223,200 Level,1.24,1.24,6,15,0,38,59,3.0,2.12,Third Class,Second Class Lower
Yusuf Hassan,250501402,COMPUTER SCIENCE,MTH 223,200 Level,2.77,2.77,2,4,9,23,38,0.0,1.38,Pass,Fail
Yusuf Hassan,250501713,ICT,CHM 201,200 Level,2.35,2.35,1,12,10,1,24,0.0,1.18,Pass,Fail
Yusuf Kalu,250501282,ICT,MTH 201,200 Level,2.19,2.19,2,7,2,13,24,0.0,1.1,Pass,Fail
Yusuf Kalu,250502093,CYBERSECURITY,GST 209,200 Level,2.81,2.81,8,15,1,22,46,2.0,2.41,Third Class,Third Class
Yusuf Kalu,250502792,CYBERSECURITY,GST 211,200 Level,2.8,2.8,8,2,8,53,71,5.0,3.9,Second Class Upper,First Class
Yusuf Madu,250502542,COMPUTER SCIENCE,PHY 205,200 Level,3.05,3.05,1,8,0,56,65,4.0,3.52,Second Class Upper,Second Class Upper
Yusuf Madu,250501473,ICT,PHY 201,200 Level,4.51,4.51,2,12,9,9,32,0.0,2.26,Third Class,Fail
Yusuf Madu,250502005,ICT,GST 209,200 Level,3.46,3.46,7,13,4,14,38,0.0,1.73,Third Class,Fail
Yusuf Madu,250502097,COMPUTER SCIENCE,GST 209,200 Level,1.34,1.34,6,10,8,15,39,0.0,0.67,Fail,Fail
Yusuf Madu,250501957,CYBERSECURITY,GST 209,200 Level,0.71,0.71,7,19,5,32,63,4.0,2.36,Third Class,Second Class Lower
Yusuf Madu,250502906,COMPUTER SCIENCE,GST 211,200 Level,4.81,4.81,4,16,9,3,32,0.0,2.4,Third Class,Fail
Yusuf Madu,250502970,COMPUTER SCIENCE,MTH 223,200 Level,0.61,0.61,9,1,3,24,37,0.0,0.3,Fail,Fail
Yusuf Musa,250501398,COMPUTER SCIENCE,PHY 201,200 Level,3.88,3.88,9,19,0,17,45,2.0,2.94,Second Class Lower,Third Class
Yusuf Nwachukwu,250502037,CYBERSECURITY,CSC 201,200 Level,3.76,3.76,7,19,1,4,31,0.0,1.88,Third Class,Fail
Yusuf Nwachukwu,250502711,ICT,MTH 201,200 Level,0.78,0.78,4,0,3,24,31,0.0,0.39,Fail,Fail
Yusuf Nwachukwu,250501486,CYBERSECURITY,GST 209,200 Level,0.7,0.7,8,4,4,50,66,4.0,2.35,Third Class,Second Class Lower
Yusuf Nwosu,250501718,ICT,GST 209,200 Level,1.06,1.06,5,14,3,53,75,5.0,3.03,Second Class Lower,Second Class Upper
Yusuf Nwosu,250502585,COMPUTER SCIENCE,GST 209,200 Level,1.11,1.11,9,12,5,41,67,4.0,2.56,Second Class Lower,Second Class Lower
Yusuf Nwosu,250501792,COMPUTER SCIENCE,PHY 201,200 Level,2.78,2.78,4,2,10,48,64,4.0,3.39,Second Class Lower,Second Class Upper
Yusuf Obi,250501271,ICT,CSC 201,200 Level,4.15,4.15,10,2,9,21,42,1.0,2.58,Second Class Lower,Third Class
Yusuf Obi,250502099,ICT,CHM 207,200 Level,2.08,2.08,5,11,5,12,33,0.0,1.04,Pass,Fail
Yusuf Obi,250501395,COMPUTER SCIENCE,GST 209,200 Level,4.69,4.69,10,5,6,49,70,5.0,4.85,First Class,First Class
Yusuf Obi,250502548,COMPUTER SCIENCE,MTH 223,200 Level,0.7,0.7,10,3,10,10,33,0.0,0.35,Fail,Fail
Yusuf Okafor,250502683,COMPUTER SCIENCE,CSC 201,200 Level,4.2,4.2,6,19,1,50,76,5.0,4.6,First Class,First Class
Yusuf Okonkwo,250502221,ICT,GST 209,200 Level,1.18,1.18,1,13,1,18,33,0.0,0.59,Fail,Fail
Yusuf Okonkwo,250502262,COMPUTER SCIENCE,GST 211,200 Level,1.9,1.9,9,11,9,40,69,4.0,2.95,Second Class Lower,Second Class Upper
Yusuf Okonkwo,250502182,COMPUTER SCIENCE,PHY 205,200 Level,3.35,3.35,9,7,7,13,36,0.0,1.68,Third Class,Fail
Yusuf Okonkwo,250501403,COMPUTER SCIENCE,GST 209,200 Level,4.22,4.22,7,5,8,1,21,0.0,2.11,Third Class,Fail
Yusuf Okonkwo,250501612,CYBERSECURITY,MTH 201,200 Level,3.33,3.33,4,14,7,5,30,0.0,1.66,Third Class,Fail
Yusuf Okoro,250502018,CYBERSECURITY,MTH 223,200 Level,4.62,4.62,7,16,4,28,55,3.0,3.81,Second Class Upper,Second Class Lower
Yusuf Okoro,250501517,COMPUTER SCIENCE,GST 209,200 Level,4.15,4.15,1,7,8,21,37,0.0,2.08,Third Class,Fail
Yusuf Okoro,250502359,COMPUTER SCIENCE,CHM 207,200 Level,3.17,3.17,3,2,4,51,60,4.0,3.58,Second Class Upper,Second Class Upper
Yusuf Okoro,250502332,CYBERSECURITY,CHM 201,200 Level,1.53,1.53,9,20,1,51,81,5.0,3.26,Second Class Lower,Second Class Upper
Yusuf Peters,250501134,CYBERSECURITY,PHY 205,200 Level,4.74,4.74,4,15,1,30,50,3.0,3.87,Second Class Upper,Second Class Lower
Yusuf Raji,250501452,ICT,GST 211,200 Level,2.41,2.41,7,0,3,15,25,0.0,1.2,Pass,Fail
Yusuf Raji,250502216,ICT,PHY 205,200 Level,0.87,0.87,4,17,0,14,35,0.0,0.44,Fail,Fail
Yusuf Raji,250502515,CYBERSECURITY,CSC 201,200 Level,0.53,0.53,10,10,7,2,29,0.0,0.26,Fail,Fail
Yusuf Usman,250501827,ICT,MTH 201,200 Level,2.06,2.06,8,1,9,31,49,2.0,2.03,Third Class,Third Class
Zainab Adeola,250502094,ICT,GST 211,200 Level,1.54,1.54,1,6,9,22,38,0.0,0.77,Fail,Fail
Zainab Adeola,250502170,CYBERSECURITY,MTH 223,200 Level,3.28,3.28,9,2,3,13,27,0.0,1.64,Third Class,Fail
Zainab Adeola,250501439,COMPUTER SCIENCE,MTH 223,200 Level,0.87,0.87,2,12,2,10,26,0.0,0.44,Fail,Fail
Zainab Adeola,250502948,COMPUTER SCIENCE,CHM 207,200 Level,1.98,1.98,2,12,0,56,70,5.0,3.49,Second Class Lower,Second Class Upper
Zainab Adeyemi,250501687,ICT,GST 209,200 Level,1.76,1.76,8,12,10,10,40,1.0,1.38,Pass,Pass
Zainab Adeyemi,250501351,COMPUTER SCIENCE,GST 211,200 Level,4.35,4.35,0,11,7,37,55,3.0,3.68,Second Class Upper,Second Class Lower
Zainab Adeyemi,250501744,CYBERSECURITY,CHM 207,200 Level,1.54,1.54,7,9,2,47,65,4.0,2.77,Second Class Lower,Second Class Upper
Zainab Adeyemi,250502514,CYBERSECURITY,CSC 201,200 Level,1.38,1.38,4,2,5,56,67,4.0,2.69,Second Class Lower,Second Class Lower
Zainab Babatunde,250502215,COMPUTER SCIENCE,MTH 223,200 Level,1.49,1.49,4,16,5,51,76,5.0,3.24,Second Class Lower,Second Class Upper
Zainab Bello,250501338,COMPUTER SCIENCE,MTH 201,200 Level,2.63,2.63,1,7,3,47,58,3.0,2.82,Second Class Lower,Second Class Lower
Zainab Bello,250502709,COMPUTER SCIENCE,PHY 201,200 Level,3.43,3.43,6,9,1,51,67,4.0,3.72,Second Class Upper,Second Class Upper
Zainab Chukwu,250502310,CYBERSECURITY,GST 211,200 Level,0.86,0.86,3,10,9,7,29,0.0,0.43,Fail,Fail
Zainab Chukwu,250502773,CYBERSECURITY,PHY 201,200 Level,4.8,4.8,10,17,9,41,77,5.0,4.9,First Class,First Class
Zainab Chukwu,250501610,COMPUTER SCIENCE,MTH 223,200 Level,0.68,0.68,1,9,0,50,60,4.0,2.34,Third Class,Second Class Lower
Zainab Danladi,250502995,ICT,PHY 201,200 Level,3.46,3.46,2,15,9,33,59,3.0,3.23,Second Class Lower,Second Class Lower
Zainab Danladi,250501354,COMPUTER SCIENCE,GST 211,200 Level,0.82,0.82,0,15,6,41,62,4.0,2.41,Third Class,Second Class Lower
Zainab Danladi,250501856,CYBERSECURITY,PHY 201,200 Level,0.66,0.66,2,13,5,16,36,0.0,0.33,Fail,Fail
Zainab Danladi,250502871,CYBERSECURITY,GST 211,200 Level,1.46,1.46,9,12,5,52,78,5.0,3.23,Second Class Lower,Second Class Upper
Zainab Danladi,250501077,ICT,MTH 223,200 Level,0.83,0.83,0,7,7,5,19,0.0,0.42,Fail,Fail
Zainab Eze,250502593,ICT,CHM 207,200 Level,0.97,0.97,9,6,10,12,37,0.0,0.48,Fail,Fail
Zainab Fashola,250501289,CYBERSECURITY,MTH 223,200 Level,3.16,3.16,9,10,6,34,59,3.0,3.08,Second Class Lower,Second Class Lower
Zainab Fashola,250502369,CYBERSECURITY,MTH 201,200 Level,1.57,1.57,2,12,4,54,72,5.0,3.28,Second Class Lower,Second Class Upper
Zainab Fashola,250502375,COMPUTER SCIENCE,MTH 223,200 Level,4.42,4.42,2,18,7,55,82,5.0,4.71,First Class,First Class
Zainab Fashola,250501297,CYBERSECURITY,MTH 223,200 Level,1.47,1.47,9,5,4,16,34,0.0,0.74,Fail,Fail
Zainab Fashola,250501941,COMPUTER SCIENCE,CSC 201,200 Level,2.99,2.99,9,4,2,57,72,5.0,4.0,Second Class Upper,First Class
Zainab Fashola,250502727,CYBERSECURITY,MTH 201,200 Level,4.99,4.99,1,20,6,21,48,2.0,3.5,Second Class Upper,Second Class Lower
Zainab Gana,250502604,ICT,MTH 201,200 Level,0.81,0.81,5,2,2,32,41,1.0,0.9,Fail,Fail
Zainab Gana,250501606,CYBERSECURITY,MTH 223,200 Level,1.43,1.43,4,17,5,59,85,5.0,3.22,Second Class Lower,Second Class Upper
Zainab Gana,250502823,COMPUTER SCIENCE,CSC 201,200 Level,3.99,3.99,2,15,1,5,23,0.0,2.0,Third Class,Fail
Zainab Gana,250502776,COMPUTER SCIENCE,GST 209,200 Level,3.6,3.6,2,0,7,42,51,3.0,3.3,Second Class Lower,Second Class Lower
Zainab Garba,250502634,ICT,MTH 223,200 Level,4.67,4.67,3,3,7,1,14,0.0,2.34,Third Class,Fail
Zainab Garba,250502699,CYBERSECURITY,CHM 201,200 Level,2.97,2.97,6,16,6,34,62,4.0,3.49,Second Class Lower,Second Class Upper
Zainab Garba,250502957,COMPUTER SCIENCE,PHY 205,200 Level,2.4,2.4,2,9,3,11,25,0.0,1.2,Pass,Fail
Zainab Garba,250502417,CYBERSECURITY,CHM 207,200 Level,1.05,1.05,0,4,4,56,64,4.0,2.52,Second Class Lower,Second Class Lower
Zainab Hassan,250502247,ICT,GST 211,200 Level,0.65,0.65,0,15,5,48,68,4.0,2.33,Third Class,Second Class Lower
Zainab Hassan,250502001,CYBERSECURITY,PHY 205,200 Level,2.94,2.94,7,6,8,13,34,0.0,1.47,Pass,Fail
Zainab Ikenna,250502017,COMPUTER SCIENCE,PHY 205,200 Level,3.06,3.06,4,10,3,10,27,0.0,1.53,Third Class,Fail
Zainab Ikenna,250501934,CYBERSECURITY,GST 209,200 Level,1.27,1.27,8,5,0,47,60,4.0,2.64,Second Class Lower,Second Class Lower
Zainab Ikenna,250501602,ICT,MTH 223,200 Level,1.3,1.3,3,8,1,5,17,0.0,0.65,Fail,Fail
Zainab Ikenna,250502606,CYBERSECURITY,CHM 201,200 Level,0.8,0.8,8,15,2,40,65,4.0,2.4,Third Class,Second Class Lower
Zainab Ikenna,250502793,ICT,PHY 205,200 Level,3.56,3.56,6,14,9,39,68,4.0,3.78,Second Class Upper,Second Class Upper
Zainab James,250501224,ICT,PHY 201,200 Level,1.69,1.69,1,0,0,21,22,0.0,0.84,Fail,Fail
Zainab James,250502297,CYBERSECURITY,CHM 201,200 Level,0.97,0.97,10,2,1,25,38,0.0,0.48,Fail,Fail
Zainab James,250502539,ICT,CSC 201,200 Level,2.86,2.86,5,5,7,55,72,5.0,3.93,Second Class Upper,First Class
Zainab James,250502569,ICT,CHM 201,200 Level,2.53,2.53,6,14,6,30,56,3.0,2.76,Second Class Lower,Second Class Lower
Zainab Kalu,250502333,COMPUTER SCIENCE,CSC 201,200 Level,4.98,4.98,6,12,8,33,59,3.0,3.99,Second Class Upper,Second Class Lower
Zainab Madu,250502504,ICT,PHY 201,200 Level,2.21,2.21,10,1,9,32,52,3.0,2.6,Second Class Lower,Second Class Lower
Zainab Madu,250502158,CYBERSECURITY,CHM 201,200 Level,4.42,4.42,8,16,9,4,37,0.0,2.21,Third Class,Fail
Zainab Musa,250501543,CYBERSECURITY,CHM 201,200 Level,3.52,3.52,6,10,6,7,29,0.0,1.76,Third Class,Fail
Zainab Musa,250502684,ICT,PHY 205,200 Level,1.1,1.1,0,17,1,26,44,1.0,1.05,Pass,Pass
Zainab Musa,250502007,CYBERSECURITY,CSC 201,200 Level,4.32,4.32,8,10,5,14,37,0.0,2.16,Third Class,Fail
Zainab Nwachukwu,250501698,COMPUTER SCIENCE,CHM 201,200 Level,1.19,1.19,2,9,6,9,26,0.0,0.6,Fail,Fail
Zainab Nwachukwu,250502809,COMPUTER SCIENCE,MTH 223,200 Level,0.94,0.94,8,6,1,30,45,2.0,1.47,Pass,Third Class
Zainab Nwachukwu,250501909,COMPUTER SCIENCE,PHY 205,200 Level,2.21,2.21,10,8,0,7,25,0.0,1.1,Pass,Fail
Zainab Nwachukwu,250501142,ICT,MTH 201,200 Level,2.74,2.74,3,12,5,10,30,0.0,1.37,Pass,Fail
Zainab Nwachukwu,250502176,COMPUTER SCIENCE,PHY 205,200 Level,4.01,4.01,10,11,7,15,43,1.0,2.5,Second Class Lower,Third Class
Zainab Nwachukwu,250501575,CYBERSECURITY,GST 211,200 Level,4.77,4.77,10,7,1,34,52,3.0,3.88,Second Class Upper,Second Class Lower
Zainab Nwachukwu,250501747,ICT,GST 209,200 Level,2.95,2.95,8,18,8,14,48,2.0,2.48,Third Class,Third Class
Zainab Nwosu,250502022,ICT,CHM 207,200 Level,4.66,4.66,5,8,1,53,67,4.0,4.33,Second Class Upper,Second Class Upper
Zainab Obi,250502537,CYBERSECURITY,PHY 201,200 Level,3.57,3.57,9,0,6,25,40,1.0,2.28,Third Class,Third Class
Zainab Obi,250501554,COMPUTER SCIENCE,PHY 205,200 Level,4.44,4.44,10,15,1,56,82,5.0,4.72,First Class,First Class
Zainab Obi,250502413,ICT,MTH 223,200 Level,0.76,0.76,4,14,5,30,53,3.0,1.88,Third Class,Second Class Lower
Zainab Obi,250502398,CYBERSECURITY,CHM 201,200 Level,3.28,3.28,6,9,2,17,34,0.0,1.64,Third Class,Fail
Zainab Okafor,250502228,COMPUTER SCIENCE,CHM 207,200 Level,4.93,4.93,10,10,0,14,34,0.0,2.46,Third Class,Fail
Zainab Okonkwo,250502055,CYBERSECURITY,CHM 201,200 Level,2.08,2.08,3,9,6,35,53,3.0,2.54,Second Class Lower,Second Class Lower
Zainab Okoro,250501569,COMPUTER SCIENCE,PHY 201,200 Level,2.07,2.07,1,11,8,47,67,4.0,3.04,Second Class Lower,Second Class Upper
Zainab Peters,250502427,COMPUTER SCIENCE,MTH 201,200 Level,4.78,4.78,2,9,3,53,67,4.0,4.39,Second Class Upper,Second Class Upper
Zainab Raji,250502225,ICT,GST 211,200 Level,3.37,3.37,2,5,6,10,23,0.0,1.68,Third Class,Fail
Zainab Usman,250502229,ICT,CHM 207,200 Level,2.34,2.34,3,17,0,9,29,0.0,1.17,Pass,Fail
Zainab Usman,250501336,CYBERSECURITY,GST 211,200 Level,4.35,4.35,2,2,8,50,62,4.0,4.18,Second Class Upper,Second Class Upper
